sample_id,batch,s3
NA21144,hprc-v2.0,s3://human-pangenomics/working/HPRC/NA21144/raw_data/PacBio_HiFi/m84081_230629_184915_s1.hifi_reads.bc2018.bam
NA21144,hprc-v2.0,s3://human-pangenomics/working/HPRC/NA21144/raw_data/PacBio_HiFi/m84081_230629_192021_s2.hifi_reads.bc2018.bam
NA21110,hprc-v2.0,s3://human-pangenomics/working/HPRC/NA21110/raw_data/PacBio_HiFi/m84091_230710_165908_s1.hifi_reads.bc1011.bam
NA21110,hprc-v2.0,s3://human-pangenomics/working/HPRC/NA21110/raw_data/PacBio_HiFi/m84091_230714_133843_s2.hifi_reads.bc1011.bam
NA21110,hprc-v2.0,s3://human-pangenomics/working/HPRC/NA21110/raw_data/PacBio_HiFi/m84091_230719_165228_s3.hifi_reads.bc1011.bam
NA21106,hprc-v2.0,s3://human-pangenomics/working/HPRC/NA21106/raw_data/PacBio_HiFi/m84046_230508_200815_s4.hifi_reads.bc2089.bam
NA21106,hprc-v2.0,s3://human-pangenomics/working/HPRC/NA21106/raw_data/PacBio_HiFi/m84046_230504_205453_s3.hifi_reads.bc2089.bam
NA21106,hprc-v2.0,s3://human-pangenomics/working/HPRC/NA21106/raw_data/PacBio_HiFi/m84046_230501_151821_s4.hifi_reads.bc2089.bam
NA21106,hprc-v2.0,s3://human-pangenomics/working/HPRC/NA21106/raw_data/PacBio_HiFi/m84046_230504_212559_s4.hifi_reads.bc2089.bam
NA21102,hprc-v2.0,s3://human-pangenomics/working/HPRC/NA21102/raw_data/PacBio_HiFi/m84081_230715_213648_s3.hifi_reads.bc2023.bam
NA21102,hprc-v2.0,s3://human-pangenomics/working/HPRC/NA21102/raw_data/PacBio_HiFi/m84081_230715_220754_s4.hifi_reads.bc2023.bam
NA21102,hprc-v2.0,s3://human-pangenomics/working/HPRC/NA21102/raw_data/PacBio_HiFi/m84081_230728_191731_s1.hifi_reads.bc2023.bam
NA21093,hprc-v2.0,s3://human-pangenomics/working/HPRC/NA21093/raw_data/PacBio_HiFi/m84046_230428_231421_s3.hifi_reads.bc2094.bam
NA21093,hprc-v2.0,s3://human-pangenomics/working/HPRC/NA21093/raw_data/PacBio_HiFi/m84046_230504_202347_s2.hifi_reads.bc2094.bam
NA21093,hprc-v2.0,s3://human-pangenomics/working/HPRC/NA21093/raw_data/PacBio_HiFi/m84046_230508_193709_s3.hifi_reads.bc2094.bam
NA21093,hprc-v2.0,s3://human-pangenomics/working/HPRC/NA21093/raw_data/PacBio_HiFi/m84046_230504_195327_s1.hifi_reads.bc2094.bam
NA20905,hprc-v2.0,s3://human-pangenomics/working/HPRC/NA20905/raw_data/PacBio_HiFi/m64076_220914_214248-bc2060.5mc.hifi_reads.bam
NA20905,hprc-v2.0,s3://human-pangenomics/working/HPRC/NA20905/raw_data/PacBio_HiFi/m64076_220916_183810-bc2060.5mc.hifi_reads.bam
NA20905,hprc-v2.0,s3://human-pangenomics/working/HPRC/NA20905/raw_data/PacBio_HiFi/m64076_220918_143117-bc2060.5mc.hifi_reads.bam
NA20905,hprc-v2.0,s3://human-pangenomics/working/HPRC/NA20905/raw_data/PacBio_HiFi/m84046_230522_234602_s2.hifi_reads.bc2060.bam
NA20905,hprc-v2.0,s3://human-pangenomics/working/HPRC/NA20905/raw_data/PacBio_HiFi/m84046_230623_210640_s1.hifi_reads.bc2060.bam
NA20870,hprc-v2.0,s3://human-pangenomics/working/HPRC/NA20870/raw_data/PacBio_HiFi/m84091_230703_175432_s4.hifi_reads.bc1010.bam
NA20870,hprc-v2.0,s3://human-pangenomics/working/HPRC/NA20870/raw_data/PacBio_HiFi/m84091_230707_172800_s2.hifi_reads.bc1010.bam
NA20850,hprc-v2.0,s3://human-pangenomics/working/HPRC/NA20850/raw_data/PacBio_HiFi/m84046_230721_182333_s4.hifi_reads.bc2092.bam
NA20850,hprc-v2.0,s3://human-pangenomics/working/HPRC/NA20850/raw_data/PacBio_HiFi/m84046_230721_185439_s1.hifi_reads.bc2092.bam
NA20850,hprc-v2.0,s3://human-pangenomics/working/HPRC/NA20850/raw_data/PacBio_HiFi/m84046_230721_175304_s3.hifi_reads.bc2092.bam
NA20809,hprc-v2.0,s3://human-pangenomics/working/HPRC/NA20809/raw_data/PacBio_HiFi/m84081_230715_203436_s1.hifi_reads.bc2022.bam
NA20809,hprc-v2.0,s3://human-pangenomics/working/HPRC/NA20809/raw_data/PacBio_HiFi/m84081_230715_210542_s2.hifi_reads.bc2022.bam
NA20809,hprc-v2.0,s3://human-pangenomics/working/HPRC/NA20809/raw_data/PacBio_HiFi/m84081_230728_191731_s1.hifi_reads.bc2022.bam
NA20805,hprc-v2.0,s3://human-pangenomics/working/HPRC/NA20805/raw_data/PacBio_HiFi/m64136_220726_203708-bc1020.5mc.hifi_reads.bam
NA20805,hprc-v2.0,s3://human-pangenomics/working/HPRC/NA20805/raw_data/PacBio_HiFi/m64136_220730_113921-bc1020.5mc.hifi_reads.bam
NA20805,hprc-v2.0,s3://human-pangenomics/working/HPRC/NA20805/raw_data/PacBio_HiFi/m64136_220728_160902-bc1020.5mc.hifi_reads.bam
NA20805,hprc-v2.0,s3://human-pangenomics/working/HPRC/NA20805/raw_data/PacBio_HiFi/m84081_230728_191731_s1.hifi_reads.bc2027.bam
NA20799,hprc-v2.0,s3://human-pangenomics/working/HPRC/NA20799/raw_data/PacBio_HiFi/primrose/m64330e_220915_165522.5mc.hifi_reads.bam
NA20799,hprc-v2.0,s3://human-pangenomics/working/HPRC/NA20799/raw_data/PacBio_HiFi/primrose/m54306Ue_220920_181216.5mc.hifi_reads.bam
NA20799,hprc-v2.0,s3://human-pangenomics/working/HPRC/NA20799/raw_data/PacBio_HiFi/primrose/m54306Ue_220922_132103.5mc.hifi_reads.bam
NA20799,hprc-v2.0,s3://human-pangenomics/working/HPRC/NA20799/raw_data/PacBio_HiFi/primrose/m54306Ue_220927_182256.demultiplex.bc1018--bc1018.5mc.hifi_reads.bam
NA20799,hprc-v2.0,s3://human-pangenomics/working/HPRC/NA20799/raw_data/PacBio_HiFi/m84091_231208_204928_s2.hifi_reads.bc1018.bam
NA20799,hprc-v2.0,s3://human-pangenomics/working/HPRC/NA20799/raw_data/PacBio_HiFi/m84091_231211_215746_s3.hifi_reads.bc1018.bam
NA20752,hprc-v2.0,s3://human-pangenomics/working/HPRC/NA20752/raw_data/PacBio_HiFi/m64457e_220827_152226-bc2052.5mc.hifi_reads.bam
NA20752,hprc-v2.0,s3://human-pangenomics/working/HPRC/NA20752/raw_data/PacBio_HiFi/m64457e_220829_104034-bc2052.5mc.hifi_reads.bam
NA20752,hprc-v2.0,s3://human-pangenomics/working/HPRC/NA20752/raw_data/PacBio_HiFi/m64457e_220831_195843-bc2052.5mc.hifi_reads.bam
NA20752,hprc-v2.0,s3://human-pangenomics/working/HPRC/NA20752/raw_data/PacBio_HiFi/m84046_230517_211630_s4.hifi_reads.bc2052.bam
NA20346,hprc-v2.0,s3://human-pangenomics/working/HPRC/NA20346/raw_data/PacBio_HiFi/m84081_230523_184006_s2.hifi_reads.bc2006.bam
NA20346,hprc-v2.0,s3://human-pangenomics/working/HPRC/NA20346/raw_data/PacBio_HiFi/m84081_230525_180017_s4.hifi_reads.bc2006.bam
NA20282,hprc-v2.0,s3://human-pangenomics/working/HPRC/NA20282/raw_data/PacBio_HiFi/m84081_230516_191559_s1.hifi_reads.bc2004.bam
NA20282,hprc-v2.0,s3://human-pangenomics/working/HPRC/NA20282/raw_data/PacBio_HiFi/m84081_230519_180923_s3.hifi_reads.bc2004.bam
NA19909,hprc-v2.0,s3://human-pangenomics/working/HPRC/NA19909/raw_data/PacBio_HiFi/m84081_230523_180945_s1.hifi_reads.bc2005.bam
NA19909,hprc-v2.0,s3://human-pangenomics/working/HPRC/NA19909/raw_data/PacBio_HiFi/m84081_230525_172954_s3.hifi_reads.bc2005.bam
NA19909,hprc-v2.0,s3://human-pangenomics/working/HPRC/NA19909/raw_data/PacBio_HiFi/m84081_230609_194256_s2.hifi_reads.bc2001.bam
NA19909,hprc-v2.0,s3://human-pangenomics/working/HPRC/NA19909/raw_data/PacBio_HiFi/m84081_230728_194836_s2.hifi_reads.bc2029.bam
NA19909,hprc-v2.0,s3://human-pangenomics/working/HPRC/NA19909/raw_data/PacBio_HiFi/m84081_230728_201942_s3.hifi_reads.bc2029.bam
NA19909,hprc-v2.0,s3://human-pangenomics/working/HPRC/NA19909/raw_data/PacBio_HiFi/m84081_231207_200206_s1.hifi_reads.bc2008.bam
NA19835,hprc-v2.0,s3://human-pangenomics/working/HPRC/NA19835/raw_data/PacBio_HiFi/m84091_230718_164204_s3.hifi_reads.bc1001.bam
NA19835,hprc-v2.0,s3://human-pangenomics/working/HPRC/NA19835/raw_data/PacBio_HiFi/m84091_230724_160010_s2.hifi_reads.bc1001.bam
NA19835,hprc-v2.0,s3://human-pangenomics/working/HPRC/NA19835/raw_data/PacBio_HiFi/m84091_230731_133332_s2.hifi_reads.bc1001.bam
NA19776,hprc-v2.0,s3://human-pangenomics/working/HPRC/NA19776/raw_data/PacBio_HiFi/m84046_230513_215634_s1.hifi_reads.bc2014.bam
NA19776,hprc-v2.0,s3://human-pangenomics/working/HPRC/NA19776/raw_data/PacBio_HiFi/m84046_230516_205603_s2.hifi_reads.bc2014.bam
NA19776,hprc-v2.0,s3://human-pangenomics/working/HPRC/NA19776/raw_data/PacBio_HiFi/m84046_230516_212709_s3.hifi_reads.bc2014.bam
NA19700,hprc-v2.0,s3://human-pangenomics/working/HPRC/NA19700/raw_data/PacBio_HiFi/m84046_230428_224315_s2.hifi_reads.bc2091.bam
NA19700,hprc-v2.0,s3://human-pangenomics/working/HPRC/NA19700/raw_data/PacBio_HiFi/m84046_230502_210601_s4.hifi_reads.bc2091.bam
NA19700,hprc-v2.0,s3://human-pangenomics/working/HPRC/NA19700/raw_data/PacBio_HiFi/m84046_230508_200815_s4.hifi_reads.bc2091.bam
NA19700,hprc-v2.0,s3://human-pangenomics/working/HPRC/NA19700/raw_data/PacBio_HiFi/m84046_230502_203455_s3.hifi_reads.bc2091.bam
NA19682,hprc-v2.0,s3://human-pangenomics/working/HPRC/NA19682/raw_data/PacBio_HiFi/m84046_230504_195327_s1.hifi_reads.bc2090.bam
NA19682,hprc-v2.0,s3://human-pangenomics/working/HPRC/NA19682/raw_data/PacBio_HiFi/m84046_230428_231421_s3.hifi_reads.bc2090.bam
NA19682,hprc-v2.0,s3://human-pangenomics/working/HPRC/NA19682/raw_data/PacBio_HiFi/m84046_230504_202347_s2.hifi_reads.bc2090.bam
NA19682,hprc-v2.0,s3://human-pangenomics/working/HPRC/NA19682/raw_data/PacBio_HiFi/m84046_230508_193709_s3.hifi_reads.bc2090.bam
NA19468,hprc-v2.0,s3://human-pangenomics/working/HPRC/NA19468/raw_data/PacBio_HiFi/primrose/m64055e_220817_094430.5mc.hifi_reads.bam
NA19468,hprc-v2.0,s3://human-pangenomics/working/HPRC/NA19468/raw_data/PacBio_HiFi/primrose/m64055e_220819_064153.5mc.hifi_reads.bam
NA19468,hprc-v2.0,s3://human-pangenomics/working/HPRC/NA19468/raw_data/PacBio_HiFi/primrose/m64330e_220801_170711.5mc.hifi_reads.bam
NA19468,hprc-v2.0,s3://human-pangenomics/working/HPRC/NA19468/raw_data/PacBio_HiFi/primrose/m54306Ue_220927_182256.demultiplex.bc1008--bc1008.5mc.hifi_reads.bam
NA19468,hprc-v2.0,s3://human-pangenomics/working/HPRC/NA19468/raw_data/PacBio_HiFi/m84091_231208_194716_s4.hifi_reads.bc1008.bam
NA19468,hprc-v2.0,s3://human-pangenomics/working/HPRC/NA19468/raw_data/PacBio_HiFi/m84091_231211_215746_s3.hifi_reads.bc1008.bam
NA19443,hprc-v2.0,s3://human-pangenomics/working/HPRC/NA19443/raw_data/PacBio_HiFi/m84046_230712_231732_s2.hifi_reads.bc2053.bam
NA19443,hprc-v2.0,s3://human-pangenomics/working/HPRC/NA19443/raw_data/PacBio_HiFi/m84046_230623_203534_s4.hifi_reads.bc2053.bam
NA19443,hprc-v2.0,s3://human-pangenomics/working/HPRC/NA19443/raw_data/PacBio_HiFi/m84046_230627_204123_s2.hifi_reads.bc2053.bam
NA19443,hprc-v2.0,s3://human-pangenomics/working/HPRC/NA19443/raw_data/PacBio_HiFi/m84046_230627_201017_s1.hifi_reads.bc2053.bam
NA19443,hprc-v2.0,s3://human-pangenomics/working/HPRC/NA19443/raw_data/PacBio_HiFi/m84046_230701_000218_s4.hifi_reads.bc2053.bam
NA19391,hprc-v2.0,s3://human-pangenomics/working/HPRC/NA19391/raw_data/PacBio_HiFi/primrose/m54306Ue_220815_144205.5mc.hifi_reads.bam
NA19391,hprc-v2.0,s3://human-pangenomics/working/HPRC/NA19391/raw_data/PacBio_HiFi/primrose/m64330e_220819_173115.5mc.hifi_reads.bam
NA19391,hprc-v2.0,s3://human-pangenomics/working/HPRC/NA19391/raw_data/PacBio_HiFi/primrose/m64334e_220819_174259.5mc.hifi_reads.bam
NA19391,hprc-v2.0,s3://human-pangenomics/working/HPRC/NA19391/raw_data/PacBio_HiFi/m84091_231120_175800_s4.hifi_reads.bc1015.bam
NA19338,hprc-v2.0,s3://human-pangenomics/working/HPRC/NA19338/raw_data/PacBio_HiFi/primrose/m54306Ue_220722_175158.5mc.hifi_reads.bam
NA19338,hprc-v2.0,s3://human-pangenomics/working/HPRC/NA19338/raw_data/PacBio_HiFi/primrose/m64055e_220729_170145.5mc.hifi_reads.bam
NA19338,hprc-v2.0,s3://human-pangenomics/working/HPRC/NA19338/raw_data/PacBio_HiFi/primrose/m64055e_220731_124800.5mc.hifi_reads.bam
NA19338,hprc-v2.0,s3://human-pangenomics/working/HPRC/NA19338/raw_data/PacBio_HiFi/m84091_230705_174256_s2.hifi_reads.bc1002.bam
NA19338,hprc-v2.0,s3://human-pangenomics/working/HPRC/NA19338/raw_data/PacBio_HiFi/m84091_230705_184508_s4.hifi_reads.bc1002.bam
NA19338,hprc-v2.0,s3://human-pangenomics/working/HPRC/NA19338/raw_data/PacBio_HiFi/m84091_231120_175800_s4.hifi_reads.bc1002.bam
NA19185,hprc-v2.0,s3://human-pangenomics/working/HPRC/NA19185/raw_data/PacBio_HiFi/primrose/m64055e_220902_174345.5mc.hifi_reads.bam
NA19185,hprc-v2.0,s3://human-pangenomics/working/HPRC/NA19185/raw_data/PacBio_HiFi/primrose/m64055e_220907_174608.5mc.hifi_reads.bam
NA19185,hprc-v2.0,s3://human-pangenomics/working/HPRC/NA19185/raw_data/PacBio_HiFi/primrose/m64055e_220909_131447.5mc.hifi_reads.bam
NA19185,hprc-v2.0,s3://human-pangenomics/working/HPRC/NA19185/raw_data/PacBio_HiFi/m84091_231120_182829_s1.hifi_reads.bc1017.bam
NA19159,hprc-v2.0,s3://human-pangenomics/working/HPRC/NA19159/raw_data/PacBio_HiFi/primrose/m54306Ue_220907_175549.5mc.hifi_reads.bam
NA19159,hprc-v2.0,s3://human-pangenomics/working/HPRC/NA19159/raw_data/PacBio_HiFi/primrose/m64330e_220902_175209.5mc.hifi_reads.bam
NA19159,hprc-v2.0,s3://human-pangenomics/working/HPRC/NA19159/raw_data/PacBio_HiFi/primrose/m64334e_220907_175418.5mc.hifi_reads.bam
NA19159,hprc-v2.0,s3://human-pangenomics/working/HPRC/NA19159/raw_data/PacBio_HiFi/m84091_230817_150246_s3.hifi_reads.bc1015.bam
NA19087,hprc-v2.0,s3://human-pangenomics/working/HPRC/NA19087/raw_data/PacBio_HiFi/primrose/m54306Ue_220902_172744.5mc.hifi_reads.bam
NA19087,hprc-v2.0,s3://human-pangenomics/working/HPRC/NA19087/raw_data/PacBio_HiFi/primrose/m64055e_220911_090142.5mc.hifi_reads.bam
NA19087,hprc-v2.0,s3://human-pangenomics/working/HPRC/NA19087/raw_data/PacBio_HiFi/primrose/m64055e_220913_060032.5mc.hifi_reads.bam
NA19087,hprc-v2.0,s3://human-pangenomics/working/HPRC/NA19087/raw_data/PacBio_HiFi/m84091_231120_185935_s2.hifi_reads.bc1016.bam
NA19043,hprc-v2.0,s3://human-pangenomics/working/HPRC/NA19043/raw_data/PacBio_HiFi/m54329U_220916_162216-bc2061.5mc.hifi_reads.bam
NA19043,hprc-v2.0,s3://human-pangenomics/working/HPRC/NA19043/raw_data/PacBio_HiFi/m54329U_220918_114340-bc2061.5mc.hifi_reads.bam
NA19043,hprc-v2.0,s3://human-pangenomics/working/HPRC/NA19043/raw_data/PacBio_HiFi/m54329U_220920_065703-bc2061.5mc.hifi_reads.bam
NA19043,hprc-v2.0,s3://human-pangenomics/working/HPRC/NA19043/raw_data/PacBio_HiFi/m84046_230712_000908_s4.hifi_reads.bc2061.bam
NA19043,hprc-v2.0,s3://human-pangenomics/working/HPRC/NA19043/raw_data/PacBio_HiFi/m84046_230519_231055_s2.hifi_reads.bc2061.bam
NA19036,hprc-v2.0,s3://human-pangenomics/working/HPRC/NA19036/raw_data/PacBio_HiFi/m84091_230718_161058_s2.hifi_reads.bc1022.bam
NA19036,hprc-v2.0,s3://human-pangenomics/working/HPRC/NA19036/raw_data/PacBio_HiFi/m84091_230724_152950_s1.hifi_reads.bc1022.bam
NA18983,hprc-v2.0,s3://human-pangenomics/working/HPRC/NA18983/raw_data/PacBio_HiFi/m54329U_220903_190900-bc2055.5mc.hifi_reads.bam
NA18983,hprc-v2.0,s3://human-pangenomics/working/HPRC/NA18983/raw_data/PacBio_HiFi/m54329U_220905_144015-bc2055.5mc.hifi_reads.bam
NA18983,hprc-v2.0,s3://human-pangenomics/working/HPRC/NA18983/raw_data/PacBio_HiFi/m54329U_220907_100858-bc2055.5mc.hifi_reads.bam
NA18983,hprc-v2.0,s3://human-pangenomics/working/HPRC/NA18983/raw_data/PacBio_HiFi/m64457e_220902_165459-bc2055.5mc.hifi_reads.bam
NA18983,hprc-v2.0,s3://human-pangenomics/working/HPRC/NA18983/raw_data/PacBio_HiFi/m64457e_220904_135104-bc2055.5mc.hifi_reads.bam
NA18983,hprc-v2.0,s3://human-pangenomics/working/HPRC/NA18983/raw_data/PacBio_HiFi/m64457e_220906_104717-bc2055.5mc.hifi_reads.bam
NA18983,hprc-v2.0,s3://human-pangenomics/working/HPRC/NA18983/raw_data/PacBio_HiFi/m84046_230623_210640_s1.hifi_reads.bc2055.bam
NA18982,hprc-v2.0,s3://human-pangenomics/submissions/B25289BC-5C70-4C42-B2EC-6E742BC82EE1--AMED_HPRC_collaboration/NA18982/raw_data/PacBio_HiFi/m64121_230201_050335.hifi_reads.fastq.gz
NA18982,hprc-v2.0,s3://human-pangenomics/submissions/B25289BC-5C70-4C42-B2EC-6E742BC82EE1--AMED_HPRC_collaboration/NA18982/raw_data/PacBio_HiFi/m64121_230202_140329.hifi_reads.fastq.gz
NA18982,hprc-v2.0,s3://human-pangenomics/submissions/B25289BC-5C70-4C42-B2EC-6E742BC82EE1--AMED_HPRC_collaboration/NA18982/raw_data/PacBio_HiFi/m64121_230203_230452.hifi_reads.fastq.gz
NA18982,hprc-v2.0,s3://human-pangenomics/submissions/B25289BC-5C70-4C42-B2EC-6E742BC82EE1--AMED_HPRC_collaboration/NA18982/raw_data/PacBio_HiFi/m64121_230205_081217.hifi_reads.fastq.gz
NA18976,hprc-v2.0,s3://human-pangenomics/working/HPRC/NA18976/raw_data/PacBio_HiFi/m84081_230610_192218_s1.hifi_reads.bc2010.bam
NA18976,hprc-v2.0,s3://human-pangenomics/working/HPRC/NA18976/raw_data/PacBio_HiFi/m84081_230610_195324_s2.hifi_reads.bc2010.bam
NA18974,hprc-v2.0,s3://human-pangenomics/working/HPRC/NA18974/raw_data/PacBio_HiFi/m84081_230601_213444_s3.hifi_reads.bc2008.bam
NA18974,hprc-v2.0,s3://human-pangenomics/working/HPRC/NA18974/raw_data/PacBio_HiFi/m84081_230601_220550_s4.hifi_reads.bc2008.bam
NA18971,hprc-v2.0,s3://human-pangenomics/working/HPRC/NA18971/raw_data/PacBio_HiFi/m64043_220703_150718-bc1011.5mc.hifi_reads.bam
NA18971,hprc-v2.0,s3://human-pangenomics/working/HPRC/NA18971/raw_data/PacBio_HiFi/m64043_220705_120954-bc1011.5mc.hifi_reads.bam
NA18971,hprc-v2.0,s3://human-pangenomics/working/HPRC/NA18971/raw_data/PacBio_HiFi/m64043_220728_173215-bc1011.5mc.hifi_reads.bam
NA18971,hprc-v2.0,s3://human-pangenomics/working/HPRC/NA18971/raw_data/PacBio_HiFi/m64043_220701_181144-bc1011.5mc.hifi_reads.bam
NA18971,hprc-v2.0,s3://human-pangenomics/working/HPRC/NA18971/raw_data/PacBio_HiFi/m84081_230628_183924_s1.hifi_reads.bc1011.bam
NA18971,hprc-v2.0,s3://human-pangenomics/working/HPRC/NA18971/raw_data/PacBio_HiFi/m84081_230628_190945_s2.hifi_reads.bc1011.bam
NA18970,hprc-v2.0,s3://human-pangenomics/submissions/B25289BC-5C70-4C42-B2EC-6E742BC82EE1--AMED_HPRC_collaboration/NA18970/raw_data/PacBio_HiFi/m64121_230125_064017.hifi_reads.fastq.gz
NA18970,hprc-v2.0,s3://human-pangenomics/submissions/B25289BC-5C70-4C42-B2EC-6E742BC82EE1--AMED_HPRC_collaboration/NA18970/raw_data/PacBio_HiFi/m64121_230126_155731.hifi_reads.fastq.gz
NA18970,hprc-v2.0,s3://human-pangenomics/submissions/B25289BC-5C70-4C42-B2EC-6E742BC82EE1--AMED_HPRC_collaboration/NA18970/raw_data/PacBio_HiFi/m64121_230128_010459.hifi_reads.fastq.gz
NA18970,hprc-v2.0,s3://human-pangenomics/submissions/B25289BC-5C70-4C42-B2EC-6E742BC82EE1--AMED_HPRC_collaboration/NA18970/raw_data/PacBio_HiFi/m64121_230129_101236.hifi_reads.fastq.gz
NA18967,hprc-v2.0,s3://human-pangenomics/submissions/B25289BC-5C70-4C42-B2EC-6E742BC82EE1--AMED_HPRC_collaboration/NA18967/raw_data/PacBio_HiFi/m64121_230118_041924.hifi_reads.fastq.gz
NA18967,hprc-v2.0,s3://human-pangenomics/submissions/B25289BC-5C70-4C42-B2EC-6E742BC82EE1--AMED_HPRC_collaboration/NA18967/raw_data/PacBio_HiFi/m64121_230119_132252.hifi_reads.fastq.gz
NA18967,hprc-v2.0,s3://human-pangenomics/submissions/B25289BC-5C70-4C42-B2EC-6E742BC82EE1--AMED_HPRC_collaboration/NA18967/raw_data/PacBio_HiFi/m64121_230123_083613.hifi_reads.fastq.gz
NA18967,hprc-v2.0,s3://human-pangenomics/submissions/B25289BC-5C70-4C42-B2EC-6E742BC82EE1--AMED_HPRC_collaboration/NA18967/raw_data/PacBio_HiFi/m64121_230214_033316.hifi_reads.fastq.gz
NA18960,hprc-v2.0,s3://human-pangenomics/submissions/B25289BC-5C70-4C42-B2EC-6E742BC82EE1--AMED_HPRC_collaboration/NA18960/raw_data/PacBio_HiFi/m64121_230207_023604.hifi_reads.fastq.gz
NA18960,hprc-v2.0,s3://human-pangenomics/submissions/B25289BC-5C70-4C42-B2EC-6E742BC82EE1--AMED_HPRC_collaboration/NA18960/raw_data/PacBio_HiFi/m64121_230208_114835.hifi_reads.fastq.gz
NA18960,hprc-v2.0,s3://human-pangenomics/submissions/B25289BC-5C70-4C42-B2EC-6E742BC82EE1--AMED_HPRC_collaboration/NA18960/raw_data/PacBio_HiFi/m64121_230209_205634.hifi_reads.fastq.gz
NA18960,hprc-v2.0,s3://human-pangenomics/submissions/B25289BC-5C70-4C42-B2EC-6E742BC82EE1--AMED_HPRC_collaboration/NA18960/raw_data/PacBio_HiFi/m64121_230211_060112.hifi_reads.fastq.gz
NA18959,hprc-v2.0,s3://human-pangenomics/submissions/B25289BC-5C70-4C42-B2EC-6E742BC82EE1--AMED_HPRC_collaboration/NA18959/raw_data/PacBio_HiFi/m64121_221221_044327.hifi_reads.fastq.gz
NA18959,hprc-v2.0,s3://human-pangenomics/submissions/B25289BC-5C70-4C42-B2EC-6E742BC82EE1--AMED_HPRC_collaboration/NA18959/raw_data/PacBio_HiFi/m64121_221222_135509.hifi_reads.fastq.gz
NA18959,hprc-v2.0,s3://human-pangenomics/submissions/B25289BC-5C70-4C42-B2EC-6E742BC82EE1--AMED_HPRC_collaboration/NA18959/raw_data/PacBio_HiFi/m64121_221223_230537.hifi_reads.fastq.gz
NA18959,hprc-v2.0,s3://human-pangenomics/submissions/B25289BC-5C70-4C42-B2EC-6E742BC82EE1--AMED_HPRC_collaboration/NA18959/raw_data/PacBio_HiFi/m64121_221225_081308.hifi_reads.fastq.gz
NA18952,hprc-v2.0,s3://human-pangenomics/working/HPRC/NA18952/raw_data/PacBio_HiFi/m84081_230609_201402_s3.hifi_reads.bc2009.bam
NA18952,hprc-v2.0,s3://human-pangenomics/working/HPRC/NA18952/raw_data/PacBio_HiFi/m84081_230609_204508_s4.hifi_reads.bc2009.bam
NA18948,hprc-v2.0,s3://human-pangenomics/submissions/B25289BC-5C70-4C42-B2EC-6E742BC82EE1--AMED_HPRC_collaboration/NA18948/raw_data/PacBio_HiFi/m64121_221228_035409.hifi_reads.fastq.gz
NA18948,hprc-v2.0,s3://human-pangenomics/submissions/B25289BC-5C70-4C42-B2EC-6E742BC82EE1--AMED_HPRC_collaboration/NA18948/raw_data/PacBio_HiFi/m64121_221229_130252.hifi_reads.fastq.gz
NA18948,hprc-v2.0,s3://human-pangenomics/submissions/B25289BC-5C70-4C42-B2EC-6E742BC82EE1--AMED_HPRC_collaboration/NA18948/raw_data/PacBio_HiFi/m64121_221230_222238.hifi_reads.fastq.gz
NA18948,hprc-v2.0,s3://human-pangenomics/submissions/B25289BC-5C70-4C42-B2EC-6E742BC82EE1--AMED_HPRC_collaboration/NA18948/raw_data/PacBio_HiFi/m64121_230101_074531.hifi_reads.fastq.gz
NA18945,hprc-v2.0,s3://human-pangenomics/submissions/B25289BC-5C70-4C42-B2EC-6E742BC82EE1--AMED_HPRC_collaboration/NA18945/raw_data/PacBio_HiFi/m64121_221214_034526.hifi_reads.fastq.gz
NA18945,hprc-v2.0,s3://human-pangenomics/submissions/B25289BC-5C70-4C42-B2EC-6E742BC82EE1--AMED_HPRC_collaboration/NA18945/raw_data/PacBio_HiFi/m64121_221215_125713.hifi_reads.fastq.gz
NA18945,hprc-v2.0,s3://human-pangenomics/submissions/B25289BC-5C70-4C42-B2EC-6E742BC82EE1--AMED_HPRC_collaboration/NA18945/raw_data/PacBio_HiFi/m64121_221216_220703.hifi_reads.fastq.gz
NA18945,hprc-v2.0,s3://human-pangenomics/submissions/B25289BC-5C70-4C42-B2EC-6E742BC82EE1--AMED_HPRC_collaboration/NA18945/raw_data/PacBio_HiFi/m64121_221218_071424.hifi_reads.fastq.gz
NA18944,hprc-v2.0,s3://human-pangenomics/submissions/B25289BC-5C70-4C42-B2EC-6E742BC82EE1--AMED_HPRC_collaboration/NA18944/raw_data/PacBio_HiFi/m64121_221208_030520.hifi_reads.fastq.gz
NA18944,hprc-v2.0,s3://human-pangenomics/submissions/B25289BC-5C70-4C42-B2EC-6E742BC82EE1--AMED_HPRC_collaboration/NA18944/raw_data/PacBio_HiFi/m64121_221209_121408.hifi_reads.fastq.gz
NA18944,hprc-v2.0,s3://human-pangenomics/submissions/B25289BC-5C70-4C42-B2EC-6E742BC82EE1--AMED_HPRC_collaboration/NA18944/raw_data/PacBio_HiFi/m64121_221210_212117.hifi_reads.fastq.gz
NA18944,hprc-v2.0,s3://human-pangenomics/submissions/B25289BC-5C70-4C42-B2EC-6E742BC82EE1--AMED_HPRC_collaboration/NA18944/raw_data/PacBio_HiFi/m64121_221212_062530.hifi_reads.fastq.gz
NA18943,hprc-v2.0,s3://human-pangenomics/submissions/B25289BC-5C70-4C42-B2EC-6E742BC82EE1--AMED_HPRC_collaboration/NA18943/raw_data/PacBio_HiFi/m64121_230111_062056.hifi_reads.fastq.gz
NA18943,hprc-v2.0,s3://human-pangenomics/submissions/B25289BC-5C70-4C42-B2EC-6E742BC82EE1--AMED_HPRC_collaboration/NA18943/raw_data/PacBio_HiFi/m64121_230112_152106.hifi_reads.fastq.gz
NA18943,hprc-v2.0,s3://human-pangenomics/submissions/B25289BC-5C70-4C42-B2EC-6E742BC82EE1--AMED_HPRC_collaboration/NA18943/raw_data/PacBio_HiFi/m64121_230114_002259.hifi_reads.fastq.gz
NA18943,hprc-v2.0,s3://human-pangenomics/submissions/B25289BC-5C70-4C42-B2EC-6E742BC82EE1--AMED_HPRC_collaboration/NA18943/raw_data/PacBio_HiFi/m64121_230115_092531.hifi_reads.fastq.gz
NA18940,hprc-v2.0,s3://human-pangenomics/submissions/B25289BC-5C70-4C42-B2EC-6E742BC82EE1--AMED_HPRC_collaboration/NA18940/raw_data/PacBio_HiFi/m64121_230104_025826.hifi_reads.fastq.gz
NA18940,hprc-v2.0,s3://human-pangenomics/submissions/B25289BC-5C70-4C42-B2EC-6E742BC82EE1--AMED_HPRC_collaboration/NA18940/raw_data/PacBio_HiFi/m64121_230105_120445.hifi_reads.fastq.gz
NA18940,hprc-v2.0,s3://human-pangenomics/submissions/B25289BC-5C70-4C42-B2EC-6E742BC82EE1--AMED_HPRC_collaboration/NA18940/raw_data/PacBio_HiFi/m64121_230106_211525.hifi_reads.fastq.gz
NA18940,hprc-v2.0,s3://human-pangenomics/submissions/B25289BC-5C70-4C42-B2EC-6E742BC82EE1--AMED_HPRC_collaboration/NA18940/raw_data/PacBio_HiFi/m64121_230108_062334.hifi_reads.fastq.gz
NA18879,hprc-v2.0,s3://human-pangenomics/working/HPRC/NA18879/raw_data/PacBio_HiFi/m84046_230728_205153_s4.hifi_reads.bc2089.bam
NA18879,hprc-v2.0,s3://human-pangenomics/working/HPRC/NA18879/raw_data/PacBio_HiFi/m84046_230727_225904_s1.hifi_reads.bc2089.bam
NA18879,hprc-v2.0,s3://human-pangenomics/working/HPRC/NA18879/raw_data/PacBio_HiFi/m84046_230728_195023_s2.hifi_reads.bc2089.bam
NA18879,hprc-v2.0,s3://human-pangenomics/working/HPRC/NA18879/raw_data/PacBio_HiFi/m84046_230728_202047_s3.hifi_reads.bc2089.bam
NA18879,hprc-v2.0,s3://human-pangenomics/working/HPRC/NA18879/raw_data/PacBio_HiFi/m84046_230731_200859_s2.hifi_reads.bc2089.bam
NA18747,hprc-v2.0,s3://human-pangenomics/working/HPRC/NA18747/raw_data/PacBio_HiFi/m54329U_220823_191353-bc2011.5mc.hifi_reads.bam
NA18747,hprc-v2.0,s3://human-pangenomics/working/HPRC/NA18747/raw_data/PacBio_HiFi/m64076_220826_143529-bc2049.5mc.hifi_reads.bam
NA18747,hprc-v2.0,s3://human-pangenomics/working/HPRC/NA18747/raw_data/PacBio_HiFi/m64076_221001_041132-bc2011.5mc.hifi_reads.bam
NA18747,hprc-v2.0,s3://human-pangenomics/working/HPRC/NA18747/raw_data/PacBio_HiFi/m64076_220828_113336-bc2049.5mc.hifi_reads.bam
NA18747,hprc-v2.0,s3://human-pangenomics/working/HPRC/NA18747/raw_data/PacBio_HiFi/m84046_230531_214232_s2.hifi_reads.bc2011.bam
NA18620,hprc-v2.0,s3://human-pangenomics/working/HPRC/NA18620/raw_data/PacBio_HiFi/m84091_230703_172326_s3.hifi_reads.bc1009.bam
NA18620,hprc-v2.0,s3://human-pangenomics/working/HPRC/NA18620/raw_data/PacBio_HiFi/m84091_230707_165735_s1.hifi_reads.bc1009.bam
NA18608,hprc-v2.0,s3://human-pangenomics/working/HPRC/NA18608/raw_data/PacBio_HiFi/m84081_230601_202307_s1.hifi_reads.bc2007.bam
NA18608,hprc-v2.0,s3://human-pangenomics/working/HPRC/NA18608/raw_data/PacBio_HiFi/m84081_230601_210338_s2.hifi_reads.bc2007.bam
NA18608,hprc-v2.0,s3://human-pangenomics/working/HPRC/NA18608/raw_data/PacBio_HiFi/m84081_230623_202140_s1.hifi_reads.bc2007.bam
NA18608,hprc-v2.0,s3://human-pangenomics/working/HPRC/NA18608/raw_data/PacBio_HiFi/m84081_230623_205201_s2.hifi_reads.bc2007.bam
NA18570,hprc-v2.0,s3://human-pangenomics/working/HPRC/NA18570/raw_data/PacBio_HiFi/primrose/m64330e_220821_125227.5mc.hifi_reads.bam
NA18570,hprc-v2.0,s3://human-pangenomics/working/HPRC/NA18570/raw_data/PacBio_HiFi/primrose/m64334e_220815_142753.5mc.hifi_reads.bam
NA18570,hprc-v2.0,s3://human-pangenomics/working/HPRC/NA18570/raw_data/PacBio_HiFi/primrose/m64334e_220821_130100.5mc.hifi_reads.bam
NA18570,hprc-v2.0,s3://human-pangenomics/working/HPRC/NA18570/raw_data/PacBio_HiFi/m84091_231120_193041_s3.hifi_reads.bc1012.bam
NA18565,hprc-v2.0,s3://human-pangenomics/working/HPRC/NA18565/raw_data/PacBio_HiFi/m84081_230714_201817_s1.hifi_reads.bc2020.bam
NA18565,hprc-v2.0,s3://human-pangenomics/working/HPRC/NA18565/raw_data/PacBio_HiFi/m84081_230714_205519_s2.hifi_reads.bc2020.bam
NA18565,hprc-v2.0,s3://human-pangenomics/working/HPRC/NA18565/raw_data/PacBio_HiFi/m84081_230728_191731_s1.hifi_reads.bc2020.bam
NA18522,hprc-v2.0,s3://human-pangenomics/working/HPRC/NA18522/raw_data/PacBio_HiFi/m54329U_220604_002013-bc2021.5mc.hifi_reads.bam
NA18522,hprc-v2.0,s3://human-pangenomics/working/HPRC/NA18522/raw_data/PacBio_HiFi/m54329U_220605_194957-bc2021.5mc.hifi_reads.bam
NA18522,hprc-v2.0,s3://human-pangenomics/working/HPRC/NA18522/raw_data/PacBio_HiFi/m54329U_220607_194753-bc2021.5mc.hifi_reads.bam
NA18522,hprc-v2.0,s3://human-pangenomics/working/HPRC/NA18522/raw_data/PacBio_HiFi/m84046_230603_204152_s4.hifi_reads.bc2021.bam
NA18522,hprc-v2.0,s3://human-pangenomics/working/HPRC/NA18522/raw_data/PacBio_HiFi/m84046_230531_214232_s2.hifi_reads.bc2021.bam
NA18508,hprc-v2.0,s3://human-pangenomics/working/HPRC/NA18508/raw_data/PacBio_HiFi/m84046_230513_215634_s1.hifi_reads.bc2001.bam
NA18508,hprc-v2.0,s3://human-pangenomics/working/HPRC/NA18508/raw_data/PacBio_HiFi/m84046_230516_205603_s2.hifi_reads.bc2001.bam
NA18508,hprc-v2.0,s3://human-pangenomics/working/HPRC/NA18508/raw_data/PacBio_HiFi/m84046_230516_212709_s3.hifi_reads.bc2001.bam
NA18505,hprc-v2.0,s3://human-pangenomics/working/HPRC/NA18505/raw_data/PacBio_HiFi/m84091_230718_154039_s1.hifi_reads.bc1021.bam
NA18505,hprc-v2.0,s3://human-pangenomics/working/HPRC/NA18505/raw_data/PacBio_HiFi/m84091_230721_152112_s4.hifi_reads.bc1021.bam
NA18505,hprc-v2.0,s3://human-pangenomics/working/HPRC/NA18505/raw_data/PacBio_HiFi/m84091_230724_152950_s1.hifi_reads.bc1021.bam
HG06807,hprc-v2.0,s3://human-pangenomics/working/HPRC_PLUS/HG06807/raw_data/PacBio_HiFi/m84081_230630_190803_s1.hifi_reads.bc1008.bam
HG06807,hprc-v2.0,s3://human-pangenomics/working/HPRC_PLUS/HG06807/raw_data/PacBio_HiFi/m84081_230630_193909_s2.hifi_reads.bc1008.bam
HG04228,hprc-v2.0,s3://human-pangenomics/working/HPRC/HG04228/raw_data/PacBio_HiFi/m84046_230617_033126_s1.hifi_reads.default.bam
HG04228,hprc-v2.0,s3://human-pangenomics/working/HPRC/HG04228/raw_data/PacBio_HiFi/m54329U_210507_224951-bc1008_BAK8A_OA.hifi_reads.bam
HG04228,hprc-v2.0,s3://human-pangenomics/working/HPRC/HG04228/raw_data/PacBio_HiFi/m64076_210620_030428.hifi_reads.bam
HG04228,hprc-v2.0,s3://human-pangenomics/working/HPRC/HG04228/raw_data/PacBio_HiFi/m64076_210618_160639.hifi_reads.bam
HG04228,hprc-v2.0,s3://human-pangenomics/working/HPRC/HG04228/raw_data/PacBio_HiFi/m64076_210617_050849.hifi_reads.bam
HG04228,hprc-v2.0,s3://human-pangenomics/working/HPRC/HG04228/raw_data/PacBio_HiFi/m54329U_210725_100455.hifi_reads.bam
HG04204,hprc-v2.0,s3://human-pangenomics/working/HPRC/HG04204/raw_data/PacBio_HiFi/m84046_230623_213746_s2.hifi_reads.bc1003.bam
HG04204,hprc-v2.0,s3://human-pangenomics/working/HPRC/HG04204/raw_data/PacBio_HiFi/m54329U_210507_224951-bc1003_BAK8A_OA.hifi_reads.bam
HG04204,hprc-v2.0,s3://human-pangenomics/working/HPRC/HG04204/raw_data/PacBio_HiFi/m54329U_210514_222517-bc1003_BAK8A_OA.hifi_reads.bam
HG04204,hprc-v2.0,s3://human-pangenomics/working/HPRC/HG04204/raw_data/PacBio_HiFi/m54329U_210517_210109-bc1003_BAK8A_OA.hifi_reads.bam
HG04204,hprc-v2.0,s3://human-pangenomics/working/HPRC/HG04204/raw_data/PacBio_HiFi/m54329U_210519_065152-bc1003_BAK8A_OA.hifi_reads.bam
HG04204,hprc-v2.0,s3://human-pangenomics/working/HPRC/HG04204/raw_data/PacBio_HiFi/m54329U_210520_213459-bc1003_BAK8A_OA.hifi_reads.bam
HG04199,hprc-v2.0,s3://human-pangenomics/working/HPRC/HG04199/raw_data/PacBio_HiFi/m84046_230703_225306_s4.hifi_reads.default.bam
HG04199,hprc-v2.0,s3://human-pangenomics/working/HPRC/HG04199/raw_data/PacBio_HiFi/m54329U_210614_155303.hifi_reads.bam
HG04199,hprc-v2.0,s3://human-pangenomics/working/HPRC/HG04199/raw_data/PacBio_HiFi/m54329U_210620_071842.hifi_reads.bam
HG04199,hprc-v2.0,s3://human-pangenomics/working/HPRC/HG04199/raw_data/PacBio_HiFi/m54329U_210621_233920.hifi_reads.bam
HG04199,hprc-v2.0,s3://human-pangenomics/working/HPRC/HG04199/raw_data/PacBio_HiFi/m64076_210613_183806.hifi_reads.bam
HG04187,hprc-v2.0,s3://human-pangenomics/working/HPRC/HG04187/raw_data/PacBio_HiFi/m84091_230802_173218_s2.hifi_reads.bc1001.bam
HG04184,hprc-v2.0,s3://human-pangenomics/working/HPRC/HG04184/raw_data/PacBio_HiFi/m84046_230602_213334_s2.hifi_reads.default.bam
HG04184,hprc-v2.0,s3://human-pangenomics/working/HPRC/HG04184/raw_data/PacBio_HiFi/m84046_230523_001708_s3.hifi_reads.default.bam
HG04184,hprc-v2.0,s3://human-pangenomics/working/HPRC/HG04184/raw_data/PacBio_HiFi/m64076_210708_084125.hifi_reads.bam
HG04184,hprc-v2.0,s3://human-pangenomics/working/HPRC/HG04184/raw_data/PacBio_HiFi/m64076_210709_232529.hifi_reads.bam
HG04184,hprc-v2.0,s3://human-pangenomics/working/HPRC/HG04184/raw_data/PacBio_HiFi/m64076_210712_194121.hifi_reads.bam
HG04184,hprc-v2.0,s3://human-pangenomics/working/HPRC/HG04184/raw_data/PacBio_HiFi/m64076_210701_234028.hifi_reads.bam
HG04160,hprc-v2.0,s3://human-pangenomics/working/HPRC/HG04160/raw_data/PacBio_HiFi/primrose/m54306Ue_210713_140744.5mc.hifi_reads.bam
HG04160,hprc-v2.0,s3://human-pangenomics/working/HPRC/HG04160/raw_data/PacBio_HiFi/primrose/m54306Ue_210715_000620.5mc.hifi_reads.bam
HG04160,hprc-v2.0,s3://human-pangenomics/working/HPRC/HG04160/raw_data/PacBio_HiFi/primrose/m64055e_210711_053617.5mc.hifi_reads.bam
HG04160,hprc-v2.0,s3://human-pangenomics/working/HPRC/HG04160/raw_data/PacBio_HiFi/primrose/m64055e_210715_181933.5mc.hifi_reads.bam
HG04160,hprc-v2.0,s3://human-pangenomics/working/HPRC/HG04160/raw_data/PacBio_HiFi/m84091_230802_180324_s3.hifi_reads.bc1003.bam
HG04157,hprc-v2.0,s3://human-pangenomics/working/HPRC/HG04157/raw_data/PacBio_HiFi/primrose/m54306Ue_210725_040349.5mc.hifi_reads.bam
HG04157,hprc-v2.0,s3://human-pangenomics/working/HPRC/HG04157/raw_data/PacBio_HiFi/primrose/m54306Ue_210727_144948.5mc.hifi_reads.bam
HG04157,hprc-v2.0,s3://human-pangenomics/working/HPRC/HG04157/raw_data/PacBio_HiFi/primrose/m54306Ue_210729_003128.5mc.hifi_reads.bam
HG04157,hprc-v2.0,s3://human-pangenomics/working/HPRC/HG04157/raw_data/PacBio_HiFi/primrose/m54306Ue_210730_180007.5mc.hifi_reads.bam
HG04157,hprc-v2.0,s3://human-pangenomics/working/HPRC/HG04157/raw_data/PacBio_HiFi/m84091_230817_143140_s2.hifi_reads.bc1008.bam
HG04115,hprc-v2.0,s3://human-pangenomics/working/HPRC/HG04115/raw_data/PacBio_HiFi/m84046_230624_201459_s3.hifi_reads.default.bam
HG04115,hprc-v2.0,s3://human-pangenomics/working/HPRC/HG04115/raw_data/PacBio_HiFi/m64076_210623_104349.hifi_reads.bam
HG04115,hprc-v2.0,s3://human-pangenomics/working/HPRC/HG04115/raw_data/PacBio_HiFi/m64076_210625_220013.hifi_reads.bam
HG04115,hprc-v2.0,s3://human-pangenomics/working/HPRC/HG04115/raw_data/PacBio_HiFi/m64076_210627_085544.hifi_reads.bam
HG03942,hprc-v2.0,s3://human-pangenomics/working/HPRC/HG03942/raw_data/PacBio_HiFi/m84046_230711_230656_s2.hifi_reads.default.bam
HG03942,hprc-v2.0,s3://human-pangenomics/working/HPRC/HG03942/raw_data/PacBio_HiFi/m54329U_210507_224951-bc1017_BAK8B_OA.hifi_reads.bam
HG03942,hprc-v2.0,s3://human-pangenomics/working/HPRC/HG03942/raw_data/PacBio_HiFi/m54329U_210613_071322.hifi_reads.bam
HG03942,hprc-v2.0,s3://human-pangenomics/working/HPRC/HG03942/raw_data/PacBio_HiFi/m64076_210606_095247.hifi_reads.bam
HG03942,hprc-v2.0,s3://human-pangenomics/working/HPRC/HG03942/raw_data/PacBio_HiFi/m64076_210612_093800.hifi_reads.bam
HG03942,hprc-v2.0,s3://human-pangenomics/working/HPRC/HG03942/raw_data/PacBio_HiFi/m64076_210615_181342.hifi_reads.bam
HG03927,hprc-v2.0,s3://human-pangenomics/working/HPRC/HG03927/raw_data/PacBio_HiFi/m84046_230628_213236_s2.hifi_reads.default.bam
HG03927,hprc-v2.0,s3://human-pangenomics/working/HPRC/HG03927/raw_data/PacBio_HiFi/m54329U_210522_083046.hifi_reads.bam
HG03927,hprc-v2.0,s3://human-pangenomics/working/HPRC/HG03927/raw_data/PacBio_HiFi/m64076_210514_222349.hifi_reads.bam
HG03927,hprc-v2.0,s3://human-pangenomics/working/HPRC/HG03927/raw_data/PacBio_HiFi/m64076_210517_210115.hifi_reads.bam
HG03927,hprc-v2.0,s3://human-pangenomics/working/HPRC/HG03927/raw_data/PacBio_HiFi/m64076_210519_075634.hifi_reads.bam
HG03874,hprc-v2.0,s3://human-pangenomics/working/HPRC/HG03874/raw_data/PacBio_HiFi/m84091_230712_163213_s1.hifi_reads.bc1012.bam
HG03874,hprc-v2.0,s3://human-pangenomics/working/HPRC/HG03874/raw_data/PacBio_HiFi/m84091_230719_155016_s1.hifi_reads.bc1012.bam
HG03874,hprc-v2.0,s3://human-pangenomics/working/HPRC/HG03874/raw_data/PacBio_HiFi/m84091_230731_130312_s1.hifi_reads.bc1012.bam
HG03834,hprc-v2.0,s3://human-pangenomics/working/HPRC/HG03834/raw_data/PacBio_HiFi/m64043_220107_191226-bc1012.5mc.hifi_reads.bam
HG03834,hprc-v2.0,s3://human-pangenomics/working/HPRC/HG03834/raw_data/PacBio_HiFi/m64043_220109_060731-bc1012.5mc.hifi_reads.bam
HG03834,hprc-v2.0,s3://human-pangenomics/working/HPRC/HG03834/raw_data/PacBio_HiFi/m64043_220110_170603-bc1012.5mc.hifi_reads.bam
HG03834,hprc-v2.0,s3://human-pangenomics/working/HPRC/HG03834/raw_data/PacBio_HiFi/m84081_230630_201015_s3.hifi_reads.bc1012.bam
HG03834,hprc-v2.0,s3://human-pangenomics/working/HPRC/HG03834/raw_data/PacBio_HiFi/m84081_230630_204121_s4.hifi_reads.bc1012.bam
HG03831,hprc-v2.0,s3://human-pangenomics/working/HPRC/HG03831/raw_data/PacBio_HiFi/m84081_231119_015049_s1.hifi_reads.bc2084.bam
HG03831,hprc-v2.0,s3://human-pangenomics/working/HPRC/HG03831/raw_data/PacBio_HiFi/m84081_231119_022155_s2.hifi_reads.bc2084.bam
HG03831,hprc-v2.0,s3://human-pangenomics/working/HPRC/HG03831/raw_data/PacBio_HiFi/m84081_231119_025301_s3.hifi_reads.bc2084.bam
HG03831,hprc-v2.0,s3://human-pangenomics/working/HPRC/HG03831/raw_data/PacBio_HiFi/m64136_210612_053350.hifi_reads.bam
HG03831,hprc-v2.0,s3://human-pangenomics/working/HPRC/HG03831/raw_data/PacBio_HiFi/m64136_210613_130744.hifi_reads.bam
HG03831,hprc-v2.0,s3://human-pangenomics/working/HPRC/HG03831/raw_data/PacBio_HiFi/m64136_210614_204240.hifi_reads.bam
HG03831,hprc-v2.0,s3://human-pangenomics/working/HPRC/HG03831/raw_data/PacBio_HiFi/m64136_210618_184849.hifi_reads.bam
HG03816,hprc-v2.0,s3://human-pangenomics/working/HPRC/HG03816/raw_data/PacBio_HiFi/primrose/m54306Ue_210723_183738.5mc.hifi_reads.bam
HG03816,hprc-v2.0,s3://human-pangenomics/working/HPRC/HG03816/raw_data/PacBio_HiFi/primrose/m64055e_210726_155147.5mc.hifi_reads.bam
HG03816,hprc-v2.0,s3://human-pangenomics/working/HPRC/HG03816/raw_data/PacBio_HiFi/primrose/m64055e_210728_024601.5mc.hifi_reads.bam
HG03816,hprc-v2.0,s3://human-pangenomics/working/HPRC/HG03816/raw_data/PacBio_HiFi/primrose/m64055e_210729_122949.5mc.hifi_reads.bam
HG03816,hprc-v2.0,s3://human-pangenomics/working/HPRC/HG03816/raw_data/PacBio_HiFi/m84091_230802_183430_s4.hifi_reads.bc1009.bam
HG03804,hprc-v2.0,s3://human-pangenomics/working/HPRC/HG03804/raw_data/PacBio_HiFi/primrose/m54306Ue_210716_134443.5mc.hifi_reads.bam
HG03804,hprc-v2.0,s3://human-pangenomics/working/HPRC/HG03804/raw_data/PacBio_HiFi/primrose/m64055e_210709_184151.5mc.hifi_reads.bam
HG03804,hprc-v2.0,s3://human-pangenomics/working/HPRC/HG03804/raw_data/PacBio_HiFi/primrose/m64055e_210712_200125.5mc.hifi_reads.bam
HG03804,hprc-v2.0,s3://human-pangenomics/working/HPRC/HG03804/raw_data/PacBio_HiFi/primrose/m64055e_210714_052746.5mc.hifi_reads.bam
HG03804,hprc-v2.0,s3://human-pangenomics/working/HPRC/HG03804/raw_data/PacBio_HiFi/m84091_230804_181137_s4.hifi_reads.bc1002.bam
HG03784,hprc-v2.0,s3://human-pangenomics/working/HPRC/HG03784/raw_data/PacBio_HiFi/m84081_230624_213331_s3.hifi_reads.bc2017.bam
HG03784,hprc-v2.0,s3://human-pangenomics/working/HPRC/HG03784/raw_data/PacBio_HiFi/m84081_230624_220437_s4.hifi_reads.bc2017.bam
HG03742,hprc-v2.0,s3://human-pangenomics/working/HPRC/HG03742/raw_data/PacBio_HiFi/primrose/m64055e_220917_121508.5mc.hifi_reads.bam
HG03742,hprc-v2.0,s3://human-pangenomics/working/HPRC/HG03742/raw_data/PacBio_HiFi/primrose/m64055e_220924_080740.5mc.hifi_reads.bam
HG03742,hprc-v2.0,s3://human-pangenomics/working/HPRC/HG03742/raw_data/PacBio_HiFi/m84091_231120_193041_s3.hifi_reads.bc1020.bam
HG03710,hprc-v2.0,s3://human-pangenomics/working/HPRC/HG03710/raw_data/PacBio_HiFi/m84081_231117_193129_s1.hifi_reads.bc2082.bam
HG03710,hprc-v2.0,s3://human-pangenomics/working/HPRC/HG03710/raw_data/PacBio_HiFi/m84081_231117_201125_s2.hifi_reads.bc2082.bam
HG03710,hprc-v2.0,s3://human-pangenomics/working/HPRC/HG03710/raw_data/PacBio_HiFi/m84081_231117_204232_s3.hifi_reads.bc2082.bam
HG03710,hprc-v2.0,s3://human-pangenomics/working/HPRC/HG03710/raw_data/PacBio_HiFi/m64043_210514_184131.hifi_reads.bam
HG03710,hprc-v2.0,s3://human-pangenomics/working/HPRC/HG03710/raw_data/PacBio_HiFi/m64043_210516_020821.hifi_reads.bam
HG03710,hprc-v2.0,s3://human-pangenomics/working/HPRC/HG03710/raw_data/PacBio_HiFi/m64043_210517_175123.hifi_reads.bam
HG03704,hprc-v2.0,s3://human-pangenomics/working/HPRC/HG03704/raw_data/PacBio_HiFi/m54329U_211105_213234-bc1001.5mc.hifi_reads.bam
HG03704,hprc-v2.0,s3://human-pangenomics/working/HPRC/HG03704/raw_data/PacBio_HiFi/m54329U_220203_054640-bc1001.5mc.hifi_reads.bam
HG03704,hprc-v2.0,s3://human-pangenomics/working/HPRC/HG03704/raw_data/PacBio_HiFi/m54329U_220203_054640-bc1018.5mc.hifi_reads.bam
HG03704,hprc-v2.0,s3://human-pangenomics/working/HPRC/HG03704/raw_data/PacBio_HiFi/m54329U_211111_222027-bc1001.5mc.hifi_reads.bam
HG03704,hprc-v2.0,s3://human-pangenomics/working/HPRC/HG03704/raw_data/PacBio_HiFi/m54329U_220207_224702-bc1001.5mc.hifi_reads.bam
HG03704,hprc-v2.0,s3://human-pangenomics/working/HPRC/HG03704/raw_data/PacBio_HiFi/m64076_220216_013707-bc1001.5mc.hifi_reads.bam
HG03704,hprc-v2.0,s3://human-pangenomics/working/HPRC/HG03704/raw_data/PacBio_HiFi/m84046_230720_185410_s2.hifi_reads.bc2002.bam
HG03704,hprc-v2.0,s3://human-pangenomics/working/HPRC/HG03704/raw_data/PacBio_HiFi/m84046_230617_040148_s2.hifi_reads.bc1001.bam
HG03688,hprc-v2.0,s3://human-pangenomics/working/HPRC/HG03688/raw_data/PacBio_HiFi/m84046_230707_195504_s2.hifi_reads.default.bam
HG03688,hprc-v2.0,s3://human-pangenomics/working/HPRC/HG03688/raw_data/PacBio_HiFi/m54329U_210608_221930.hifi_reads.bam
HG03688,hprc-v2.0,s3://human-pangenomics/working/HPRC/HG03688/raw_data/PacBio_HiFi/m54329U_210611_221457.hifi_reads.bam
HG03688,hprc-v2.0,s3://human-pangenomics/working/HPRC/HG03688/raw_data/PacBio_HiFi/m54329U_210618_202343.hifi_reads.bam
HG03688,hprc-v2.0,s3://human-pangenomics/working/HPRC/HG03688/raw_data/PacBio_HiFi/m64076_210610_224207.hifi_reads.bam
HG03669,hprc-v2.0,s3://human-pangenomics/working/HPRC/HG03669/raw_data/PacBio_HiFi/m84081_231124_014115_s1.hifi_reads.default.bam
HG03669,hprc-v2.0,s3://human-pangenomics/working/HPRC/HG03669/raw_data/PacBio_HiFi/m84081_231124_021221_s2.hifi_reads.default.bam
HG03669,hprc-v2.0,s3://human-pangenomics/working/HPRC/HG03669/raw_data/PacBio_HiFi/m84081_231124_024327_s3.hifi_reads.default.bam
HG03669,hprc-v2.0,s3://human-pangenomics/working/HPRC/HG03669/raw_data/PacBio_HiFi/m64043_210604_175624.hifi_reads.bam
HG03669,hprc-v2.0,s3://human-pangenomics/working/HPRC/HG03669/raw_data/PacBio_HiFi/m64043_210606_013256.hifi_reads.bam
HG03669,hprc-v2.0,s3://human-pangenomics/working/HPRC/HG03669/raw_data/PacBio_HiFi/m64043_210607_090252.hifi_reads.bam
HG03669,hprc-v2.0,s3://human-pangenomics/working/HPRC/HG03669/raw_data/PacBio_HiFi/m64043_210610_203329.hifi_reads.bam
HG03654,hprc-v2.0,s3://human-pangenomics/working/HPRC/HG03654/raw_data/PacBio_HiFi/m84081_231112_023836_s2.hifi_reads.default.bam
HG03654,hprc-v2.0,s3://human-pangenomics/working/HPRC/HG03654/raw_data/PacBio_HiFi/m64043_210522_023949.hifi_reads.bam
HG03654,hprc-v2.0,s3://human-pangenomics/working/HPRC/HG03654/raw_data/PacBio_HiFi/m64043_210523_101851.hifi_reads.bam
HG03654,hprc-v2.0,s3://human-pangenomics/working/HPRC/HG03654/raw_data/PacBio_HiFi/m64043_210524_174752.hifi_reads.bam
HG03654,hprc-v2.0,s3://human-pangenomics/working/HPRC/HG03654/raw_data/PacBio_HiFi/m64043_210528_171552.hifi_reads.bam
HG03583,hprc-v2.0,s3://human-pangenomics/working/HPRC/HG03583/raw_data/PacBio_HiFi/m84091_230712_170232_s2.hifi_reads.bc1020.bam
HG03583,hprc-v2.0,s3://human-pangenomics/working/HPRC/HG03583/raw_data/PacBio_HiFi/m84091_230719_172335_s4.hifi_reads.bc1020.bam
HG03583,hprc-v2.0,s3://human-pangenomics/working/HPRC/HG03583/raw_data/PacBio_HiFi/m84091_230727_132817_s2.hifi_reads.bc1020.bam
HG03583,hprc-v2.0,s3://human-pangenomics/working/HPRC/HG03583/raw_data/PacBio_HiFi/m84091_230817_153352_s4.hifi_reads.bc1020.bam
HG03579,hprc-v2.0,s3://human-pangenomics/working/HPRC/HG03579/raw_data/PacBio_HiFi/m64043_200515_165406.ccs.bam
HG03579,hprc-v2.0,s3://human-pangenomics/working/HPRC/HG03579/raw_data/PacBio_HiFi/m64043_200516_230634.ccs.bam
HG03579,hprc-v2.0,s3://human-pangenomics/working/HPRC/HG03579/raw_data/PacBio_HiFi/m64043_200518_053124.ccs.bam
HG03579,hprc-v2.0,s3://human-pangenomics/working/HPRC/HG03579/raw_data/PacBio_HiFi/m64043_200519_115622.ccs.bam
HG03540,hprc-v2.0,s3://human-pangenomics/working/HPRC/HG03540/raw_data/PacBio_HiFi/m64043_200521_171703.ccs.bam
HG03540,hprc-v2.0,s3://human-pangenomics/working/HPRC/HG03540/raw_data/PacBio_HiFi/m64043_200522_232930.ccs.bam
HG03540,hprc-v2.0,s3://human-pangenomics/working/HPRC/HG03540/raw_data/PacBio_HiFi/m64043_200524_055430.ccs.bam
HG03540,hprc-v2.0,s3://human-pangenomics/working/HPRC/HG03540/raw_data/PacBio_HiFi/m64043_200525_121851.ccs.bam
HG03521,hprc-v2.0,s3://human-pangenomics/working/HPRC/HG03521/raw_data/PacBio_HiFi/m84046_230715_064007_s2.hifi_reads.bc2084.bam
HG03521,hprc-v2.0,s3://human-pangenomics/working/HPRC/HG03521/raw_data/PacBio_HiFi/m84046_230715_060901_s1.hifi_reads.bc2084.bam
HG03521,hprc-v2.0,s3://human-pangenomics/working/HPRC/HG03521/raw_data/PacBio_HiFi/m84046_230718_230843_s2.hifi_reads.bc2084.bam
HG03516,hprc-v2.0,s3://human-pangenomics/working/HPRC/HG03516/raw_data/PacBio_HiFi/m84046_231202_110908_s4.hifi_reads.bc2056.bam
HG03516,hprc-v2.0,s3://human-pangenomics/working/HPRC/HG03516/raw_data/PacBio_HiFi/m54329U_200610_234222.ccs.bam
HG03516,hprc-v2.0,s3://human-pangenomics/working/HPRC/HG03516/raw_data/PacBio_HiFi/m54329U_200612_200443.ccs.bam
HG03516,hprc-v2.0,s3://human-pangenomics/working/HPRC/HG03516/raw_data/PacBio_HiFi/m54329U_200614_021746.ccs.bam
HG03516,hprc-v2.0,s3://human-pangenomics/working/HPRC/HG03516/raw_data/PacBio_HiFi/m54329U_200615_084313.ccs.bam
HG03492,hprc-v2.0,s3://human-pangenomics/submissions/93E3513C-507E-4002-B2E8-41E049C0593A--NISC_HiFi_TopUp_2022_with_5mC/HG03492/SMRTcell-1778.m64467e_220831_161241.pbccs-6.3.0.hifi_reads.primrose-1.2.0.5mC.bam
HG03492,hprc-v2.0,s3://human-pangenomics/submissions/93E3513C-507E-4002-B2E8-41E049C0593A--NISC_HiFi_TopUp_2022_with_5mC/HG03492/SMRTcell-1779.m64467e_220902_120453.pbccs-6.3.0.hifi_reads.primrose-1.2.0.5mC.bam
HG03492,hprc-v2.0,s3://human-pangenomics/submissions/548dd68a-3e67-44a6-8b39-954b7a8eb835--HPRC_REVIO_EA_2023/bc2011-HG03492/m84039_230303_005138_s2.hifi_reads.bc2011.bam
HG03492,hprc-v2.0,s3://human-pangenomics/submissions/548dd68a-3e67-44a6-8b39-954b7a8eb835--HPRC_REVIO_EA_2023/bc2011-HG03492/m84039_230311_024907_s1.hifi_reads.bc2011.bam
HG03492,hprc-v2.0,s3://human-pangenomics/submissions/548dd68a-3e67-44a6-8b39-954b7a8eb835--HPRC_REVIO_EA_2023/bc2011-HG03492/m84039_230314_210032_s1.hifi_reads.bc2011.bam
HG03492,hprc-v2.0,s3://human-pangenomics/submissions/548dd68a-3e67-44a6-8b39-954b7a8eb835--HPRC_REVIO_EA_2023/bc2011-HG03492/m84039_230316_185945_s1.hifi_reads.bc2011.bam
HG03471,hprc-v2.0,s3://human-pangenomics/working/HPRC/HG03471/raw_data/PacBio_HiFi/m64043_200606_175618.ccs.bam
HG03471,hprc-v2.0,s3://human-pangenomics/working/HPRC/HG03471/raw_data/PacBio_HiFi/m64043_200608_185843.ccs.bam
HG03471,hprc-v2.0,s3://human-pangenomics/working/HPRC/HG03471/raw_data/PacBio_HiFi/m64043_200610_011156.ccs.bam
HG03471,hprc-v2.0,s3://human-pangenomics/working/HPRC/HG03471/raw_data/PacBio_HiFi/m64043_200611_073649.ccs.bam
HG03470,hprc-v2.0,s3://human-pangenomics/working/HPRC/HG03470/raw_data/PacBio_HiFi/primrose/m54306Ue_220817_100412.5mc.hifi_reads.bam
HG03470,hprc-v2.0,s3://human-pangenomics/working/HPRC/HG03470/raw_data/PacBio_HiFi/primrose/m54306Ue_220819_070258.5mc.hifi_reads.bam
HG03470,hprc-v2.0,s3://human-pangenomics/working/HPRC/HG03470/raw_data/PacBio_HiFi/primrose/m64330e_220803_140136.5mc.hifi_reads.bam
HG03470,hprc-v2.0,s3://human-pangenomics/working/HPRC/HG03470/raw_data/PacBio_HiFi/m84091_230705_174256_s2.hifi_reads.bc1009.bam
HG03470,hprc-v2.0,s3://human-pangenomics/working/HPRC/HG03470/raw_data/PacBio_HiFi/m84091_230705_184508_s4.hifi_reads.bc1009.bam
HG03453,hprc-v2.0,s3://human-pangenomics/working/HPRC/HG03453/raw_data/PacBio_HiFi/m64043_200508_172634.ccs.bam
HG03453,hprc-v2.0,s3://human-pangenomics/working/HPRC/HG03453/raw_data/PacBio_HiFi/m64043_200509_233929.ccs.bam
HG03453,hprc-v2.0,s3://human-pangenomics/working/HPRC/HG03453/raw_data/PacBio_HiFi/m64043_200511_060458.ccs.bam
HG03453,hprc-v2.0,s3://human-pangenomics/working/HPRC/HG03453/raw_data/PacBio_HiFi/m64043_200512_123035.ccs.bam
HG03369,hprc-v2.0,s3://human-pangenomics/working/HPRC/HG03369/raw_data/PacBio_HiFi/m84091_230721_145006_s3.hifi_reads.bc1009.bam
HG03369,hprc-v2.0,s3://human-pangenomics/working/HPRC/HG03369/raw_data/PacBio_HiFi/m84091_230727_135923_s3.hifi_reads.bc1009.bam
HG03270,hprc-v2.0,s3://human-pangenomics/working/HPRC/HG03270/raw_data/PacBio_HiFi/m84091_230707_175906_s3.hifi_reads.bc1015.bam
HG03270,hprc-v2.0,s3://human-pangenomics/working/HPRC/HG03270/raw_data/PacBio_HiFi/m84091_230710_183139_s4.hifi_reads.bc1015.bam
HG03239,hprc-v2.0,s3://human-pangenomics/working/HPRC/HG03239/raw_data/PacBio_HiFi/m54329U_220105_011819-bc1015.5mc.hifi_reads.bam
HG03239,hprc-v2.0,s3://human-pangenomics/working/HPRC/HG03239/raw_data/PacBio_HiFi/m64076_220106_231243-bc1015.5mc.hifi_reads.bam
HG03239,hprc-v2.0,s3://human-pangenomics/working/HPRC/HG03239/raw_data/PacBio_HiFi/m64076_220108_100904-bc1015.5mc.hifi_reads.bam
HG03239,hprc-v2.0,s3://human-pangenomics/working/HPRC/HG03239/raw_data/PacBio_HiFi/m84046_230703_225306_s4.hifi_reads.bc2063.bam
HG03239,hprc-v2.0,s3://human-pangenomics/working/HPRC/HG03239/raw_data/PacBio_HiFi/m84046_230628_210130_s1.bc2063--bc2063.bam
HG03225,hprc-v2.0,s3://human-pangenomics/working/HPRC/HG03225/raw_data/PacBio_HiFi/m64043_220516_150157-bc1008.5mc.hifi_reads.bam
HG03225,hprc-v2.0,s3://human-pangenomics/working/HPRC/HG03225/raw_data/PacBio_HiFi/m64043_220518_120044-bc1008.5mc.hifi_reads.bam
HG03225,hprc-v2.0,s3://human-pangenomics/working/HPRC/HG03225/raw_data/PacBio_HiFi/m64043_220726_203720-bc1008.5mc.hifi_reads.bam
HG03225,hprc-v2.0,s3://human-pangenomics/working/HPRC/HG03225/raw_data/PacBio_HiFi/m64136_220518_004520-bc1008.5mc.hifi_reads.bam
HG03225,hprc-v2.0,s3://human-pangenomics/working/HPRC/HG03225/raw_data/PacBio_HiFi/m84081_230630_201015_s3.hifi_reads.bc1008.bam
HG03225,hprc-v2.0,s3://human-pangenomics/working/HPRC/HG03225/raw_data/PacBio_HiFi/m84081_230630_204121_s4.hifi_reads.bc1008.bam
HG03209,hprc-v2.0,s3://human-pangenomics/working/HPRC/HG03209/raw_data/PacBio_HiFi/m64076_220520_234906-bc2020.5mc.hifi_reads.bam
HG03209,hprc-v2.0,s3://human-pangenomics/working/HPRC/HG03209/raw_data/PacBio_HiFi/m64076_220524_161808-bc2020.5mc.hifi_reads.bam
HG03209,hprc-v2.0,s3://human-pangenomics/working/HPRC/HG03209/raw_data/PacBio_HiFi/m64076_220526_115049-bc2020.5mc.hifi_reads.bam
HG03209,hprc-v2.0,s3://human-pangenomics/working/HPRC/HG03209/raw_data/PacBio_HiFi/m64076_221001_041132-bc2020.5mc.hifi_reads.bam
HG03209,hprc-v2.0,s3://human-pangenomics/working/HPRC/HG03209/raw_data/PacBio_HiFi/m84046_230617_033126_s1.hifi_reads.bc2020.bam
HG03195,hprc-v2.0,s3://human-pangenomics/working/HPRC/HG03195/raw_data/PacBio_HiFi/m64136_220617_195203-bc1010.5mc.hifi_reads.bam
HG03195,hprc-v2.0,s3://human-pangenomics/working/HPRC/HG03195/raw_data/PacBio_HiFi/m64136_220619_164654-bc1010.5mc.hifi_reads.bam
HG03195,hprc-v2.0,s3://human-pangenomics/working/HPRC/HG03195/raw_data/PacBio_HiFi/m64136_220621_134558-bc1010.5mc.hifi_reads.bam
HG03195,hprc-v2.0,s3://human-pangenomics/working/HPRC/HG03195/raw_data/PacBio_HiFi/m64043_220726_203720-bc1010.5mc.hifi_reads.bam
HG03195,hprc-v2.0,s3://human-pangenomics/working/HPRC/HG03195/raw_data/PacBio_HiFi/m84081_230628_183924_s1.hifi_reads.bc1010.bam
HG03195,hprc-v2.0,s3://human-pangenomics/working/HPRC/HG03195/raw_data/PacBio_HiFi/m84081_230628_190945_s2.hifi_reads.bc1010.bam
HG03195,hprc-v2.0,s3://human-pangenomics/working/HPRC/HG03195/raw_data/PacBio_HiFi/m84081_230715_203436_s1.hifi_reads.bc1010.bam
HG03195,hprc-v2.0,s3://human-pangenomics/working/HPRC/HG03195/raw_data/PacBio_HiFi/m84081_230715_210542_s2.hifi_reads.bc1010.bam
HG03195,hprc-v2.0,s3://human-pangenomics/working/HPRC/HG03195/raw_data/PacBio_HiFi/m84081_230715_213648_s3.hifi_reads.bc1010.bam
HG03195,hprc-v2.0,s3://human-pangenomics/working/HPRC/HG03195/raw_data/PacBio_HiFi/m84081_230715_220754_s4.hifi_reads.bc1010.bam
HG03139,hprc-v2.0,s3://human-pangenomics/working/HPRC/HG03139/raw_data/PacBio_HiFi/m54329U_220519_225150-bc2019.5mc.hifi_reads.bam
HG03139,hprc-v2.0,s3://human-pangenomics/working/HPRC/HG03139/raw_data/PacBio_HiFi/m54329U_220523_155616-bc2019.5mc.hifi_reads.bam
HG03139,hprc-v2.0,s3://human-pangenomics/working/HPRC/HG03139/raw_data/PacBio_HiFi/m54329U_220525_111437-bc2019.5mc.hifi_reads.bam
HG03139,hprc-v2.0,s3://human-pangenomics/working/HPRC/HG03139/raw_data/PacBio_HiFi/m84046_230623_210640_s1.hifi_reads.bc2019.bam
HG03139,hprc-v2.0,s3://human-pangenomics/working/HPRC/HG03139/raw_data/PacBio_HiFi/m84046_230602_220440_s3.hifi_reads.bc2019.bam
HG03130,hprc-v2.0,s3://human-pangenomics/working/HPRC/HG03130/raw_data/PacBio_HiFi/m64076_220513_215716-bc2018.5mc.hifi_reads.bam
HG03130,hprc-v2.0,s3://human-pangenomics/working/HPRC/HG03130/raw_data/PacBio_HiFi/m64076_220516_221911-bc2018.5mc.hifi_reads.bam
HG03130,hprc-v2.0,s3://human-pangenomics/working/HPRC/HG03130/raw_data/PacBio_HiFi/m64076_220518_191414-bc2018.5mc.hifi_reads.bam
HG03130,hprc-v2.0,s3://human-pangenomics/working/HPRC/HG03130/raw_data/PacBio_HiFi/m84046_230602_213334_s2.hifi_reads.bc2018.bam
HG03050,hprc-v2.0,s3://human-pangenomics/working/HPRC/HG03050/raw_data/PacBio_HiFi/primrose/m64330e_220223_194839.5mc.hifi_reads.bam
HG03050,hprc-v2.0,s3://human-pangenomics/working/HPRC/HG03050/raw_data/PacBio_HiFi/primrose/m64330e_220227_061615.5mc.hifi_reads.bam
HG03050,hprc-v2.0,s3://human-pangenomics/working/HPRC/HG03050/raw_data/PacBio_HiFi/primrose/m54306Ue_220402_052301.demultiplex.bc1012--bc1012.5mc.hifi_reads.bam
HG03050,hprc-v2.0,s3://human-pangenomics/working/HPRC/HG03050/raw_data/PacBio_HiFi/primrose/m64330e_220218_192631.bc1012--bc1012.5mc.hifi_reads.bam
HG03050,hprc-v2.0,s3://human-pangenomics/working/HPRC/HG03050/raw_data/PacBio_HiFi/primrose/m64330e_220407_180519.demultiplex.bc1012--bc1012.5mc.hifi_reads.bam
HG03050,hprc-v2.0,s3://human-pangenomics/working/HPRC/HG03050/raw_data/PacBio_HiFi/m84091_230905_205913_s4.hifi_reads.bc1017.bam
HG03041,hprc-v2.0,s3://human-pangenomics/working/HPRC/HG03041/raw_data/PacBio_HiFi/m54329U_211214_012740-bc1009.5mc.hifi_reads.bam
HG03041,hprc-v2.0,s3://human-pangenomics/working/HPRC/HG03041/raw_data/PacBio_HiFi/m54329U_211215_225017-bc1009.5mc.hifi_reads.bam
HG03041,hprc-v2.0,s3://human-pangenomics/working/HPRC/HG03041/raw_data/PacBio_HiFi/m54329U_211217_080751-bc1009.5mc.hifi_reads.bam
HG03041,hprc-v2.0,s3://human-pangenomics/working/HPRC/HG03041/raw_data/PacBio_HiFi/m84046_230720_182350_s1.hifi_reads.bc2003.bam
HG03041,hprc-v2.0,s3://human-pangenomics/working/HPRC/HG03041/raw_data/PacBio_HiFi/m84046_230602_213334_s2.hifi_reads.bc1009.bam
HG03041,hprc-v2.0,s3://human-pangenomics/working/HPRC/HG03041/raw_data/PacBio_HiFi/m84046_230523_001708_s3.hifi_reads.bc1009.bam
HG03017,hprc-v2.0,s3://human-pangenomics/working/HPRC/HG03017/raw_data/PacBio_HiFi/m54329U_211225_070909-bc1012.5mc.hifi_reads.bam
HG03017,hprc-v2.0,s3://human-pangenomics/working/HPRC/HG03017/raw_data/PacBio_HiFi/m54329U_220109_103416-bc1012.5mc.hifi_reads.bam
HG03017,hprc-v2.0,s3://human-pangenomics/working/HPRC/HG03017/raw_data/PacBio_HiFi/m54329U_220117_123334-bc1012.5mc.hifi_reads.bam
HG03017,hprc-v2.0,s3://human-pangenomics/working/HPRC/HG03017/raw_data/PacBio_HiFi/m64076_220216_013707-bc1012.5mc.hifi_reads.bam
HG03017,hprc-v2.0,s3://human-pangenomics/working/HPRC/HG03017/raw_data/PacBio_HiFi/m64076_221001_041132-bc1012.5mc.hifi_reads.bam
HG03017,hprc-v2.0,s3://human-pangenomics/working/HPRC/HG03017/raw_data/PacBio_HiFi/m84046_230707_202610_s3.hifi_reads.bc2058.bam
HG03017,hprc-v2.0,s3://human-pangenomics/working/HPRC/HG03017/raw_data/PacBio_HiFi/m84046_230711_233802_s3.hifi_reads.bc2058.bam
HG03017,hprc-v2.0,s3://human-pangenomics/working/HPRC/HG03017/raw_data/PacBio_HiFi/m84046_230701_003325_s1.hifi_reads.bc2058.bam
HG02984,hprc-v2.0,s3://human-pangenomics/working/HPRC/HG02984/raw_data/PacBio_HiFi/primrose/m54306Ue_220223_194148.5mc.hifi_reads.bam
HG02984,hprc-v2.0,s3://human-pangenomics/working/HPRC/HG02984/raw_data/PacBio_HiFi/primrose/m64330e_220403_050826.5mc.hifi_reads.bam
HG02984,hprc-v2.0,s3://human-pangenomics/working/HPRC/HG02984/raw_data/PacBio_HiFi/primrose/m64334e_220421_053305.5mc.hifi_reads.bam
HG02984,hprc-v2.0,s3://human-pangenomics/working/HPRC/HG02984/raw_data/PacBio_HiFi/primrose/m64334e_220428_054535.5mc.hifi_reads.bam
HG02984,hprc-v2.0,s3://human-pangenomics/working/HPRC/HG02984/raw_data/PacBio_HiFi/primrose/m64055e_220517_182131.demultiplex.bc1009--bc1009.5mc.hifi_reads.bam
HG02984,hprc-v2.0,s3://human-pangenomics/working/HPRC/HG02984/raw_data/PacBio_HiFi/primrose/m64334e_220218_191452.bc1011--bc1011.5mc.hifi_reads.bam
HG02984,hprc-v2.0,s3://human-pangenomics/working/HPRC/HG02984/raw_data/PacBio_HiFi/m84091_231004_192043_s3.hifi_reads.bc1016.bam
HG02976,hprc-v2.0,s3://human-pangenomics/working/HPRC/HG02976/raw_data/PacBio_HiFi/m64043_220621_134351-bc1009.5mc.hifi_reads.bam
HG02976,hprc-v2.0,s3://human-pangenomics/working/HPRC/HG02976/raw_data/PacBio_HiFi/m64043_220619_164635-bc1009.5mc.hifi_reads.bam
HG02976,hprc-v2.0,s3://human-pangenomics/working/HPRC/HG02976/raw_data/PacBio_HiFi/m64043_220726_203720-bc1009.5mc.hifi_reads.bam
HG02976,hprc-v2.0,s3://human-pangenomics/working/HPRC/HG02976/raw_data/PacBio_HiFi/m64043_220617_195135-bc1009.5mc.hifi_reads.bam
HG02976,hprc-v2.0,s3://human-pangenomics/working/HPRC/HG02976/raw_data/PacBio_HiFi/m84081_230630_190803_s1.hifi_reads.bc1009.bam
HG02976,hprc-v2.0,s3://human-pangenomics/working/HPRC/HG02976/raw_data/PacBio_HiFi/m84081_230630_193909_s2.hifi_reads.bc1009.bam
HG02965,hprc-v2.0,s3://human-pangenomics/working/HPRC/HG02965/raw_data/PacBio_HiFi/m64043_220715_182700-bc1017.5mc.hifi_reads.bam
HG02965,hprc-v2.0,s3://human-pangenomics/working/HPRC/HG02965/raw_data/PacBio_HiFi/m64043_220719_122051-bc1017.5mc.hifi_reads.bam
HG02965,hprc-v2.0,s3://human-pangenomics/working/HPRC/HG02965/raw_data/PacBio_HiFi/m64043_220717_152237-bc1017.5mc.hifi_reads.bam
HG02965,hprc-v2.0,s3://human-pangenomics/working/HPRC/HG02965/raw_data/PacBio_HiFi/m84081_230628_183924_s1.hifi_reads.bc1017.bam
HG02965,hprc-v2.0,s3://human-pangenomics/working/HPRC/HG02965/raw_data/PacBio_HiFi/m84081_230628_190945_s2.hifi_reads.bc1017.bam
HG02922,hprc-v2.0,s3://human-pangenomics/working/HPRC/HG02922/raw_data/PacBio_HiFi/m54329U_220816_182601-bc2045.5mc.hifi_reads.bam
HG02922,hprc-v2.0,s3://human-pangenomics/working/HPRC/HG02922/raw_data/PacBio_HiFi/m54329U_220903_190900-bc2053.5mc.hifi_reads.bam
HG02922,hprc-v2.0,s3://human-pangenomics/working/HPRC/HG02922/raw_data/PacBio_HiFi/m54329U_220905_144015-bc2053.5mc.hifi_reads.bam
HG02922,hprc-v2.0,s3://human-pangenomics/working/HPRC/HG02922/raw_data/PacBio_HiFi/m54329U_220907_100858-bc2053.5mc.hifi_reads.bam
HG02922,hprc-v2.0,s3://human-pangenomics/working/HPRC/HG02922/raw_data/PacBio_HiFi/m64457e_220902_165459-bc2053.5mc.hifi_reads.bam
HG02922,hprc-v2.0,s3://human-pangenomics/working/HPRC/HG02922/raw_data/PacBio_HiFi/m64457e_220906_104717-bc2053.5mc.hifi_reads.bam
HG02922,hprc-v2.0,s3://human-pangenomics/working/HPRC/HG02922/raw_data/PacBio_HiFi/m64457e_220904_135104-bc2053.5mc.hifi_reads.bam
HG02922,hprc-v2.0,s3://human-pangenomics/working/HPRC/HG02922/raw_data/PacBio_HiFi/m84046_230617_040148_s2.hifi_reads.bc2053.bam
HG02886,hprc-v2.0,s3://human-pangenomics/working/HPRC/HG02886/raw_data/PacBio_HiFi/m64043_200410_214826.ccs.bam
HG02886,hprc-v2.0,s3://human-pangenomics/working/HPRC/HG02886/raw_data/PacBio_HiFi/m64043_200412_040054.ccs.bam
HG02886,hprc-v2.0,s3://human-pangenomics/working/HPRC/HG02886/raw_data/PacBio_HiFi/m64043_200413_102554.ccs.bam
HG02886,hprc-v2.0,s3://human-pangenomics/working/HPRC/HG02886/raw_data/PacBio_HiFi/m64043_200414_165107.ccs.bam
HG02841,hprc-v2.0,s3://human-pangenomics/working/HPRC/HG02841/raw_data/PacBio_HiFi/primrose/m54306Ue_220326_050928.5mc.hifi_reads.bam
HG02841,hprc-v2.0,s3://human-pangenomics/working/HPRC/HG02841/raw_data/PacBio_HiFi/primrose/m54306Ue_220327_160600.5mc.hifi_reads.bam
HG02841,hprc-v2.0,s3://human-pangenomics/working/HPRC/HG02841/raw_data/PacBio_HiFi/primrose/m64334e_220321_180258.5mc.hifi_reads.bam
HG02841,hprc-v2.0,s3://human-pangenomics/working/HPRC/HG02841/raw_data/PacBio_HiFi/primrose/m64330e_220407_180519.demultiplex.bc1021--bc1021.5mc.hifi_reads.bam
HG02841,hprc-v2.0,s3://human-pangenomics/working/HPRC/HG02841/raw_data/PacBio_HiFi/primrose/m64334e_220412_183749.demultiplex.bc1021--bc1021.5mc.hifi_reads.bam
HG02841,hprc-v2.0,s3://human-pangenomics/working/HPRC/HG02841/raw_data/PacBio_HiFi/m84091_230905_192642_s1.hifi_reads.bc1015.bam
HG02841,hprc-v2.0,s3://human-pangenomics/working/HPRC/HG02841/raw_data/PacBio_HiFi/m84091_230905_195701_s2.hifi_reads.bc1015.bam
HG02841,hprc-v2.0,s3://human-pangenomics/working/HPRC/HG02841/raw_data/PacBio_HiFi/m84091_230905_202807_s3.hifi_reads.bc1015.bam
HG02809,hprc-v2.0,s3://human-pangenomics/working/HPRC/HG02809/raw_data/PacBio_HiFi/m84081_231117_193129_s1.hifi_reads.bc2089.bam
HG02809,hprc-v2.0,s3://human-pangenomics/working/HPRC/HG02809/raw_data/PacBio_HiFi/m84081_231117_201125_s2.hifi_reads.bc2089.bam
HG02809,hprc-v2.0,s3://human-pangenomics/working/HPRC/HG02809/raw_data/PacBio_HiFi/m84081_231117_204232_s3.hifi_reads.bc2089.bam
HG02809,hprc-v2.0,s3://human-pangenomics/working/HPRC/HG02809/raw_data/PacBio_HiFi/m64043_210723_184340.hifi_reads.bam
HG02809,hprc-v2.0,s3://human-pangenomics/working/HPRC/HG02809/raw_data/PacBio_HiFi/m64043_210725_053930.hifi_reads.bam
HG02809,hprc-v2.0,s3://human-pangenomics/working/HPRC/HG02809/raw_data/PacBio_HiFi/m64043_210726_163819.hifi_reads.bam
HG02809,hprc-v2.0,s3://human-pangenomics/working/HPRC/HG02809/raw_data/PacBio_HiFi/m64043_210728_163353.hifi_reads.bam
HG02738,hprc-v2.0,s3://human-pangenomics/working/HPRC/HG02738/raw_data/PacBio_HiFi/m84046_230623_213746_s2.hifi_reads.default.bam
HG02738,hprc-v2.0,s3://human-pangenomics/working/HPRC/HG02738/raw_data/PacBio_HiFi/m84046_230628_182559_s4.hifi_reads.default.bam
HG02738,hprc-v2.0,s3://human-pangenomics/working/HPRC/HG02738/raw_data/PacBio_HiFi/m64076_210706_214544.hifi_reads.bam
HG02738,hprc-v2.0,s3://human-pangenomics/working/HPRC/HG02738/raw_data/PacBio_HiFi/m64076_210714_200553.hifi_reads.bam
HG02738,hprc-v2.0,s3://human-pangenomics/working/HPRC/HG02738/raw_data/PacBio_HiFi/m64076_210718_085619.hifi_reads.bam
HG02738,hprc-v2.0,s3://human-pangenomics/working/HPRC/HG02738/raw_data/PacBio_HiFi/m64076_210711_102225.hifi_reads.bam
HG02735,hprc-v2.0,s3://human-pangenomics/working/HPRC/HG02735/raw_data/PacBio_HiFi/m54329U_211109_002533-bc1002.5mc.hifi_reads.bam
HG02735,hprc-v2.0,s3://human-pangenomics/working/HPRC/HG02735/raw_data/PacBio_HiFi/m54329U_211204_121716-bc1002.5mc.hifi_reads.bam
HG02735,hprc-v2.0,s3://human-pangenomics/working/HPRC/HG02735/raw_data/PacBio_HiFi/m54329U_211209_115915-bc1002.5mc.hifi_reads.bam
HG02735,hprc-v2.0,s3://human-pangenomics/working/HPRC/HG02735/raw_data/PacBio_HiFi/m64076_211209_102926-bc1002.5mc.hifi_reads.bam
HG02735,hprc-v2.0,s3://human-pangenomics/working/HPRC/HG02735/raw_data/PacBio_HiFi/m84046_230703_225306_s4.hifi_reads.bc2062.bam
HG02735,hprc-v2.0,s3://human-pangenomics/working/HPRC/HG02735/raw_data/PacBio_HiFi/m84046_230628_175536_s3.hifi_reads.bc2062.bam
HG02735,hprc-v2.0,s3://human-pangenomics/working/HPRC/HG02735/raw_data/PacBio_HiFi/m84046_230711_230656_s2.hifi_reads.bc2062.bam
HG02735,hprc-v2.0,s3://human-pangenomics/working/HPRC/HG02735/raw_data/PacBio_HiFi/m84046_230707_192442_s1.hifi_reads.bc2062.bam
HG02723,hprc-v2.0,s3://human-pangenomics/submissions/548dd68a-3e67-44a6-8b39-954b7a8eb835--HPRC_REVIO_EA_2023/bc2012-HG02723/m84036_230317_175945_s2.hifi_reads.bc2012.bam
HG02723,hprc-v2.0,s3://human-pangenomics/submissions/548dd68a-3e67-44a6-8b39-954b7a8eb835--HPRC_REVIO_EA_2023/bc2012-HG02723/m84039_230303_012244_s3.hifi_reads.bc2012.bam
HG02723,hprc-v2.0,s3://human-pangenomics/submissions/548dd68a-3e67-44a6-8b39-954b7a8eb835--HPRC_REVIO_EA_2023/bc2012-HG02723/m84039_230314_213047_s2.hifi_reads.bc2012.bam
HG02723,hprc-v2.0,s3://human-pangenomics/submissions/548dd68a-3e67-44a6-8b39-954b7a8eb835--HPRC_REVIO_EA_2023/bc2012-HG02723/m84039_230316_193003_s2.hifi_reads.bc2012.bam
HG02717,hprc-v2.0,s3://human-pangenomics/working/HPRC/HG02717/raw_data/PacBio_HiFi/m64043_200403_163826.ccs.bam
HG02717,hprc-v2.0,s3://human-pangenomics/working/HPRC/HG02717/raw_data/PacBio_HiFi/m64043_200405_180950.ccs.bam
HG02717,hprc-v2.0,s3://human-pangenomics/working/HPRC/HG02717/raw_data/PacBio_HiFi/m64043_200407_002219.ccs.bam
HG02717,hprc-v2.0,s3://human-pangenomics/working/HPRC/HG02717/raw_data/PacBio_HiFi/m64043_200408_064651.ccs.bam
HG02698,hprc-v2.0,s3://human-pangenomics/working/HPRC/HG02698/raw_data/PacBio_HiFi/m84081_231105_021548_s2.hifi_reads.default.bam
HG02698,hprc-v2.0,s3://human-pangenomics/working/HPRC/HG02698/raw_data/PacBio_HiFi/m64043_210519_013026.hifi_reads.bam
HG02698,hprc-v2.0,s3://human-pangenomics/working/HPRC/HG02698/raw_data/PacBio_HiFi/m64136_210514_184433.hifi_reads.bam
HG02698,hprc-v2.0,s3://human-pangenomics/working/HPRC/HG02698/raw_data/PacBio_HiFi/m64136_210517_184202.hifi_reads.bam
HG02668,hprc-v2.0,s3://human-pangenomics/working/HPRC/HG02668/raw_data/PacBio_HiFi/primrose/m54306Ue_210801_045414.5mc.hifi_reads.bam
HG02668,hprc-v2.0,s3://human-pangenomics/working/HPRC/HG02668/raw_data/PacBio_HiFi/primrose/m54306Ue_210802_164702.5mc.hifi_reads.bam
HG02668,hprc-v2.0,s3://human-pangenomics/working/HPRC/HG02668/raw_data/PacBio_HiFi/primrose/m54306Ue_210804_021745.5mc.hifi_reads.bam
HG02668,hprc-v2.0,s3://human-pangenomics/working/HPRC/HG02668/raw_data/PacBio_HiFi/primrose/m64055e_210810_194150.5mc.hifi_reads.bam
HG02668,hprc-v2.0,s3://human-pangenomics/working/HPRC/HG02668/raw_data/PacBio_HiFi/m84091_230804_170925_s2.hifi_reads.bc1010.bam
HG02647,hprc-v2.0,s3://human-pangenomics/working/HPRC/HG02647/raw_data/PacBio_HiFi/m84046_230707_202610_s3.hifi_reads.bc2060.bam
HG02647,hprc-v2.0,s3://human-pangenomics/working/HPRC/HG02647/raw_data/PacBio_HiFi/m54329U_210604_200442.hifi_reads.bam
HG02647,hprc-v2.0,s3://human-pangenomics/working/HPRC/HG02647/raw_data/PacBio_HiFi/m64076_210527_231639.hifi_reads.bam
HG02647,hprc-v2.0,s3://human-pangenomics/working/HPRC/HG02647/raw_data/PacBio_HiFi/m64076_210530_192034.hifi_reads.bam
HG02647,hprc-v2.0,s3://human-pangenomics/working/HPRC/HG02647/raw_data/PacBio_HiFi/m64076_210601_061523.hifi_reads.bam
HG02630,hprc-v2.0,s3://human-pangenomics/working/HPRC/HG02630/raw_data/PacBio_HiFi/m64043_200501_162248.ccs.bam
HG02630,hprc-v2.0,s3://human-pangenomics/working/HPRC/HG02630/raw_data/PacBio_HiFi/m64043_200502_223511.ccs.bam
HG02630,hprc-v2.0,s3://human-pangenomics/working/HPRC/HG02630/raw_data/PacBio_HiFi/m64043_200504_050026.ccs.bam
HG02630,hprc-v2.0,s3://human-pangenomics/working/HPRC/HG02630/raw_data/PacBio_HiFi/m64043_200505_112554.ccs.bam
HG02622,hprc-v2.0,s3://human-pangenomics/working/HPRC/HG02622/raw_data/PacBio_HiFi/m64043_200530_164723.ccs.bam
HG02622,hprc-v2.0,s3://human-pangenomics/working/HPRC/HG02622/raw_data/PacBio_HiFi/m64043_200601_191521.ccs.bam
HG02622,hprc-v2.0,s3://human-pangenomics/working/HPRC/HG02622/raw_data/PacBio_HiFi/m64043_200603_012738.ccs.bam
HG02622,hprc-v2.0,s3://human-pangenomics/working/HPRC/HG02622/raw_data/PacBio_HiFi/m64043_200604_075218.ccs.bam
HG02615,hprc-v2.0,s3://human-pangenomics/working/HPRC/HG02615/raw_data/PacBio_HiFi/m84081_231105_031800_s4.hifi_reads.default.bam
HG02615,hprc-v2.0,s3://human-pangenomics/working/HPRC/HG02615/raw_data/PacBio_HiFi/m64136_210528_171842.hifi_reads.bam
HG02615,hprc-v2.0,s3://human-pangenomics/working/HPRC/HG02615/raw_data/PacBio_HiFi/m64136_210530_004827.hifi_reads.bam
HG02615,hprc-v2.0,s3://human-pangenomics/working/HPRC/HG02615/raw_data/PacBio_HiFi/m64136_210531_083342.hifi_reads.bam
HG02602,hprc-v2.0,s3://human-pangenomics/working/HPRC/HG02602/raw_data/PacBio_HiFi/m84081_231119_015049_s1.hifi_reads.bc2083.bam
HG02602,hprc-v2.0,s3://human-pangenomics/working/HPRC/HG02602/raw_data/PacBio_HiFi/m84081_231119_022155_s2.hifi_reads.bc2083.bam
HG02602,hprc-v2.0,s3://human-pangenomics/working/HPRC/HG02602/raw_data/PacBio_HiFi/m84081_231119_025301_s3.hifi_reads.bc2083.bam
HG02602,hprc-v2.0,s3://human-pangenomics/working/HPRC/HG02602/raw_data/PacBio_HiFi/m64043_210612_053030.hifi_reads.bam
HG02602,hprc-v2.0,s3://human-pangenomics/working/HPRC/HG02602/raw_data/PacBio_HiFi/m64043_210613_133026.hifi_reads.bam
HG02602,hprc-v2.0,s3://human-pangenomics/working/HPRC/HG02602/raw_data/PacBio_HiFi/m64043_210614_223013.hifi_reads.bam
HG02602,hprc-v2.0,s3://human-pangenomics/working/HPRC/HG02602/raw_data/PacBio_HiFi/m64043_210618_184604.hifi_reads.bam
HG02583,hprc-v2.0,s3://human-pangenomics/working/HPRC/HG02583/raw_data/PacBio_HiFi/m84091_230707_183012_s4.hifi_reads.bc1016.bam
HG02583,hprc-v2.0,s3://human-pangenomics/working/HPRC/HG02583/raw_data/PacBio_HiFi/m84091_230714_140949_s3.hifi_reads.bc1016.bam
HG02572,hprc-v2.0,s3://human-pangenomics/working/HPRC/HG02572/raw_data/PacBio_HiFi/m84046_230711_233802_s3.hifi_reads.default.bam
HG02572,hprc-v2.0,s3://human-pangenomics/working/HPRC/HG02572/raw_data/PacBio_HiFi/m54329U_200319_002813.ccs.bam
HG02572,hprc-v2.0,s3://human-pangenomics/working/HPRC/HG02572/raw_data/PacBio_HiFi/m64076_200313_161705.ccs.bam
HG02572,hprc-v2.0,s3://human-pangenomics/working/HPRC/HG02572/raw_data/PacBio_HiFi/m64076_200317_041201.ccs.bam
HG02572,hprc-v2.0,s3://human-pangenomics/working/HPRC/HG02572/raw_data/PacBio_HiFi/m64076_200318_103811.ccs.bam
HG02559,hprc-v2.0,s3://human-pangenomics/working/HPRC/HG02559/raw_data/PacBio_HiFi/m84046_230628_175536_s3.hifi_reads.bc2057.bam
HG02559,hprc-v2.0,s3://human-pangenomics/working/HPRC/HG02559/raw_data/PacBio_HiFi/m54329U_200211_192235.ccs.bam
HG02559,hprc-v2.0,s3://human-pangenomics/working/HPRC/HG02559/raw_data/PacBio_HiFi/m54329U_200217_055345.ccs.bam
HG02559,hprc-v2.0,s3://human-pangenomics/working/HPRC/HG02559/raw_data/PacBio_HiFi/m54329U_200219_181523.ccs.bam
HG02559,hprc-v2.0,s3://human-pangenomics/working/HPRC/HG02559/raw_data/PacBio_HiFi/m64076_200215_021919.ccs.bam
HG02559,hprc-v2.0,s3://human-pangenomics/working/HPRC/HG02559/raw_data/PacBio_HiFi/m64076_200217_055339.ccs.bam
HG02523,hprc-v2.0,s3://human-pangenomics/working/HPRC/HG02523/raw_data/PacBio_HiFi/m84081_231027_195514_s2.hifi_reads.default.bam
HG02523,hprc-v2.0,s3://human-pangenomics/working/HPRC/HG02523/raw_data/PacBio_HiFi/m84081_231027_202621_s3.hifi_reads.default.bam
HG02523,hprc-v2.0,s3://human-pangenomics/working/HPRC/HG02523/raw_data/PacBio_HiFi/m84081_231029_020543_s2.hifi_reads.default.bam
HG02523,hprc-v2.0,s3://human-pangenomics/working/HPRC/HG02523/raw_data/PacBio_HiFi/m84081_231029_023649_s3.hifi_reads.default.bam
HG02523,hprc-v2.0,s3://human-pangenomics/working/HPRC/HG02523/raw_data/PacBio_HiFi/m64043_210506_183430.hifi_reads.bam
HG02523,hprc-v2.0,s3://human-pangenomics/working/HPRC/HG02523/raw_data/PacBio_HiFi/m64043_210508_033135.hifi_reads.bam
HG02523,hprc-v2.0,s3://human-pangenomics/working/HPRC/HG02523/raw_data/PacBio_HiFi/m64043_210509_110105.hifi_reads.bam
HG02514,hprc-v2.0,s3://human-pangenomics/working/HPRC/HG02514/raw_data/PacBio_HiFi/primrose/m54306Ue_220225_190349.5mc.hifi_reads.bam
HG02514,hprc-v2.0,s3://human-pangenomics/working/HPRC/HG02514/raw_data/PacBio_HiFi/primrose/m54306Ue_220421_052313.5mc.hifi_reads.bam
HG02514,hprc-v2.0,s3://human-pangenomics/working/HPRC/HG02514/raw_data/PacBio_HiFi/primrose/m64330e_220303_183543.5mc.hifi_reads.bam
HG02514,hprc-v2.0,s3://human-pangenomics/working/HPRC/HG02514/raw_data/PacBio_HiFi/primrose/m64330e_220417_033652.5mc.hifi_reads.bam
HG02514,hprc-v2.0,s3://human-pangenomics/working/HPRC/HG02514/raw_data/PacBio_HiFi/primrose/m64334e_220426_185110.demultiplex.bc1001--bc1001.5mc.hifi_reads.bam
HG02514,hprc-v2.0,s3://human-pangenomics/working/HPRC/HG02514/raw_data/PacBio_HiFi/m84091_240110_194735_s1.hifi_reads.bc1001.bam
HG02486,hprc-v2.0,s3://human-pangenomics/working/HPRC/HG02486/raw_data/PacBio_HiFi/m84046_230707_195504_s2.hifi_reads.bc2067.bam
HG02486,hprc-v2.0,s3://human-pangenomics/working/HPRC/HG02486/raw_data/PacBio_HiFi/m84046_230707_202610_s3.hifi_reads.bc2067.bam
HG02486,hprc-v2.0,s3://human-pangenomics/working/HPRC/HG02486/raw_data/PacBio_HiFi/m54329U_200215_021808.ccs.bam
HG02486,hprc-v2.0,s3://human-pangenomics/working/HPRC/HG02486/raw_data/PacBio_HiFi/m54329U_200313_161638.ccs.bam
HG02486,hprc-v2.0,s3://human-pangenomics/working/HPRC/HG02486/raw_data/PacBio_HiFi/m64076_200211_192227.ccs.bam
HG02486,hprc-v2.0,s3://human-pangenomics/working/HPRC/HG02486/raw_data/PacBio_HiFi/m54329U_200315_215927.ccs.bam
HG02486,hprc-v2.0,s3://human-pangenomics/working/HPRC/HG02486/raw_data/PacBio_HiFi/m54329U_200317_041347.ccs.bam
HG02486,hprc-v2.0,s3://human-pangenomics/working/HPRC/HG02486/raw_data/PacBio_HiFi/m54329U_200320_213710.ccs.bam
HG02451,hprc-v2.0,s3://human-pangenomics/working/HPRC/HG02451/raw_data/PacBio_HiFi/m64076_211109_232223-bc1003.5mc.hifi_reads.bam
HG02451,hprc-v2.0,s3://human-pangenomics/working/HPRC/HG02451/raw_data/PacBio_HiFi/m64076_211208_005550-bc1003.5mc.hifi_reads.bam
HG02451,hprc-v2.0,s3://human-pangenomics/working/HPRC/HG02451/raw_data/PacBio_HiFi/m64076_211211_014755-bc1003.5mc.hifi_reads.bam
HG02451,hprc-v2.0,s3://human-pangenomics/working/HPRC/HG02451/raw_data/PacBio_HiFi/m64076_211212_112351-bc1003.5mc.hifi_reads.bam
HG02451,hprc-v2.0,s3://human-pangenomics/working/HPRC/HG02451/raw_data/PacBio_HiFi/m84046_230720_185410_s2.hifi_reads.bc2006.bam
HG02392,hprc-v2.0,s3://human-pangenomics/working/HPRC/HG02392/raw_data/PacBio_HiFi/m84091_230629_181009_s2.hifi_reads.bc1002.bam
HG02392,hprc-v2.0,s3://human-pangenomics/working/HPRC/HG02392/raw_data/PacBio_HiFi/m84091_230705_171239_s1.hifi_reads.bc1002.bam
HG02392,hprc-v2.0,s3://human-pangenomics/working/HPRC/HG02392/raw_data/PacBio_HiFi/m84091_230710_180033_s3.hifi_reads.bc1002.bam
HG02392,hprc-v2.0,s3://human-pangenomics/working/HPRC/HG02392/raw_data/PacBio_HiFi/m84091_230727_143029_s4.hifi_reads.bc1002.bam
HG02392,hprc-v2.0,s3://human-pangenomics/working/HPRC/HG02392/raw_data/PacBio_HiFi/m84091_230817_153352_s4.hifi_reads.bc1002.bam
HG02391,hprc-v2.0,s3://human-pangenomics/working/HPRC/HG02391/raw_data/PacBio_HiFi/primrose/m54306Ue_220821_023435.5mc.hifi_reads.bam
HG02391,hprc-v2.0,s3://human-pangenomics/working/HPRC/HG02391/raw_data/PacBio_HiFi/primrose/m64055e_220821_033925.5mc.hifi_reads.bam
HG02391,hprc-v2.0,s3://human-pangenomics/working/HPRC/HG02391/raw_data/PacBio_HiFi/primrose/m64330e_220805_094849.5mc.hifi_reads.bam
HG02391,hprc-v2.0,s3://human-pangenomics/working/HPRC/HG02391/raw_data/PacBio_HiFi/m84091_231120_185935_s2.hifi_reads.bc1010.bam
HG02300,hprc-v2.0,s3://human-pangenomics/working/HPRC/HG02300/raw_data/PacBio_HiFi/m84046_230519_231055_s2.hifi_reads.default.bam
HG02300,hprc-v2.0,s3://human-pangenomics/working/HPRC/HG02300/raw_data/PacBio_HiFi/m84046_230628_210130_s1.default--default.bam
HG02300,hprc-v2.0,s3://human-pangenomics/working/HPRC/HG02300/raw_data/PacBio_HiFi/m84046_230617_040148_s2.hifi_reads.default.bam
HG02300,hprc-v2.0,s3://human-pangenomics/working/HPRC/HG02300/raw_data/PacBio_HiFi/m54329U_210702_182525.hifi_reads.bam
HG02300,hprc-v2.0,s3://human-pangenomics/working/HPRC/HG02300/raw_data/PacBio_HiFi/m54329U_210711_215946.hifi_reads.bam
HG02300,hprc-v2.0,s3://human-pangenomics/working/HPRC/HG02300/raw_data/PacBio_HiFi/m54329U_210710_123004.hifi_reads.bam
HG02293,hprc-v2.0,s3://human-pangenomics/working/HPRC/HG02293/raw_data/PacBio_HiFi/m84046_230718_233949_s3.hifi_reads.default.bam
HG02293,hprc-v2.0,s3://human-pangenomics/working/HPRC/HG02293/raw_data/PacBio_HiFi/m84046_230707_205716_s4.default--default.bam
HG02293,hprc-v2.0,s3://human-pangenomics/working/HPRC/HG02293/raw_data/PacBio_HiFi/m84046_230724_203319_s4.hifi_reads.default.bam
HG02293,hprc-v2.0,s3://human-pangenomics/working/HPRC/HG02293/raw_data/PacBio_HiFi/m64076_210716_220011.hifi_reads.bam
HG02293,hprc-v2.0,s3://human-pangenomics/working/HPRC/HG02293/raw_data/PacBio_HiFi/m54329U_210719_222842.hifi_reads.bam
HG02293,hprc-v2.0,s3://human-pangenomics/working/HPRC/HG02293/raw_data/PacBio_HiFi/m54329U_210721_092510.hifi_reads.bam
HG02280,hprc-v2.0,s3://human-pangenomics/working/HPRC/HG02280/raw_data/PacBio_HiFi/m84081_231117_211338_s4.hifi_reads.bc2087.bam
HG02280,hprc-v2.0,s3://human-pangenomics/working/HPRC/HG02280/raw_data/PacBio_HiFi/m84081_231119_032407_s4.hifi_reads.bc2087.bam
HG02280,hprc-v2.0,s3://human-pangenomics/working/HPRC/HG02280/raw_data/PacBio_HiFi/m64136_210716_230343.hifi_reads.bam
HG02280,hprc-v2.0,s3://human-pangenomics/working/HPRC/HG02280/raw_data/PacBio_HiFi/m64136_210718_091611.hifi_reads.bam
HG02280,hprc-v2.0,s3://human-pangenomics/working/HPRC/HG02280/raw_data/PacBio_HiFi/m64136_210719_201505.hifi_reads.bam
HG02273,hprc-v2.0,s3://human-pangenomics/working/HPRC/HG02273/raw_data/PacBio_HiFi/m64043_220429_171542-bc1002.5mc.hifi_reads.bam
HG02273,hprc-v2.0,s3://human-pangenomics/working/HPRC/HG02273/raw_data/PacBio_HiFi/m64043_220503_153752-bc1002.5mc.hifi_reads.bam
HG02273,hprc-v2.0,s3://human-pangenomics/working/HPRC/HG02273/raw_data/PacBio_HiFi/m64043_220501_041051-bc1002.5mc.hifi_reads.bam
HG02273,hprc-v2.0,s3://human-pangenomics/working/HPRC/HG02273/raw_data/PacBio_HiFi/m84081_230630_190803_s1.hifi_reads.bc1002.bam
HG02273,hprc-v2.0,s3://human-pangenomics/working/HPRC/HG02273/raw_data/PacBio_HiFi/m84081_230630_193909_s2.hifi_reads.bc1002.bam
HG02258,hprc-v2.0,s3://human-pangenomics/working/HPRC/HG02258/raw_data/PacBio_HiFi/m64043_211217_180919-bc1011.5mc.hifi_reads.bam
HG02258,hprc-v2.0,s3://human-pangenomics/working/HPRC/HG02258/raw_data/PacBio_HiFi/m64043_211219_050421-bc1011.5mc.hifi_reads.bam
HG02258,hprc-v2.0,s3://human-pangenomics/working/HPRC/HG02258/raw_data/PacBio_HiFi/m64043_211220_160211-bc1011.5mc.hifi_reads.bam
HG02258,hprc-v2.0,s3://human-pangenomics/working/HPRC/HG02258/raw_data/PacBio_HiFi/m64043_220114_181052-bc1011.5mc.hifi_reads.bam
HG02258,hprc-v2.0,s3://human-pangenomics/working/HPRC/HG02258/raw_data/PacBio_HiFi/m84081_230721_185800_s3.hifi_reads.bc1011.bam
HG02258,hprc-v2.0,s3://human-pangenomics/working/HPRC/HG02258/raw_data/PacBio_HiFi/m84081_230721_192906_s4.hifi_reads.bc1011.bam
HG02257,hprc-v2.0,s3://human-pangenomics/working/HPRC/HG02257/raw_data/PacBio_HiFi/m84046_230628_182559_s4.hifi_reads.bc2064.bam
HG02257,hprc-v2.0,s3://human-pangenomics/working/HPRC/HG02257/raw_data/PacBio_HiFi/m64076_200125_231256.ccs.bam
HG02257,hprc-v2.0,s3://human-pangenomics/working/HPRC/HG02257/raw_data/PacBio_HiFi/m64076_200127_180545.ccs.bam
HG02257,hprc-v2.0,s3://human-pangenomics/working/HPRC/HG02257/raw_data/PacBio_HiFi/m64076_200129_001835.ccs.bam
HG02257,hprc-v2.0,s3://human-pangenomics/working/HPRC/HG02257/raw_data/PacBio_HiFi/m64076_200130_064345.ccs.bam
HG02178,hprc-v2.0,s3://human-pangenomics/working/HPRC/HG02178/raw_data/PacBio_HiFi/m84091_230629_191221_s4.hifi_reads.bc1008.bam
HG02178,hprc-v2.0,s3://human-pangenomics/working/HPRC/HG02178/raw_data/PacBio_HiFi/m84091_230705_181402_s3.hifi_reads.bc1008.bam
HG02178,hprc-v2.0,s3://human-pangenomics/working/HPRC/HG02178/raw_data/PacBio_HiFi/m84091_230710_180033_s3.hifi_reads.bc1008.bam
HG02165,hprc-v2.0,s3://human-pangenomics/working/HPRC/HG02165/raw_data/PacBio_HiFi/m64076_220902_143723-bc2054.5mc.hifi_reads.bam
HG02165,hprc-v2.0,s3://human-pangenomics/working/HPRC/HG02165/raw_data/PacBio_HiFi/m64076_220904_113359-bc2054.5mc.hifi_reads.bam
HG02165,hprc-v2.0,s3://human-pangenomics/working/HPRC/HG02165/raw_data/PacBio_HiFi/m64076_220906_083112-bc2054.5mc.hifi_reads.bam
HG02165,hprc-v2.0,s3://human-pangenomics/working/HPRC/HG02165/raw_data/PacBio_HiFi/m84046_230617_040148_s2.hifi_reads.bc2054.bam
HG02155,hprc-v2.0,s3://human-pangenomics/working/HPRC/HG02155/raw_data/PacBio_HiFi/m64043_220728_173215-bc1012.5mc.hifi_reads.bam
HG02155,hprc-v2.0,s3://human-pangenomics/working/HPRC/HG02155/raw_data/PacBio_HiFi/m64136_220705_120453-bc1012.5mc.hifi_reads.bam
HG02155,hprc-v2.0,s3://human-pangenomics/working/HPRC/HG02155/raw_data/PacBio_HiFi/m64136_220701_181202-bc1012.5mc.hifi_reads.bam
HG02155,hprc-v2.0,s3://human-pangenomics/working/HPRC/HG02155/raw_data/PacBio_HiFi/m64136_220703_150713-bc1012.5mc.hifi_reads.bam
HG02155,hprc-v2.0,s3://human-pangenomics/working/HPRC/HG02155/raw_data/PacBio_HiFi/m84081_230628_194051_s3.hifi_reads.bc1012.bam
HG02155,hprc-v2.0,s3://human-pangenomics/working/HPRC/HG02155/raw_data/PacBio_HiFi/m84081_230628_201157_s4.hifi_reads.bc1012.bam
HG02148,hprc-v2.0,s3://human-pangenomics/working/HPRC/HG02148/raw_data/PacBio_HiFi/m84081_231222_081401_s1.hifi_reads.bc2023.bam
HG02148,hprc-v2.0,s3://human-pangenomics/working/HPRC/HG02148/raw_data/PacBio_HiFi/m84081_231222_101332_s2.hifi_reads.bc2023.bam
HG02148,hprc-v2.0,s3://human-pangenomics/working/HPRC/HG02148/raw_data/PacBio_HiFi/m84081_231222_121301_s3.hifi_reads.bc2023.bam
HG02148,hprc-v2.0,s3://human-pangenomics/working/HPRC/HG02148/raw_data/PacBio_HiFi/m84081_231222_141231_s4.hifi_reads.bc2023.bam
HG02148,hprc-v2.0,s3://human-pangenomics/working/HPRC/HG02148/raw_data/PacBio_HiFi/m64136_200618_202033.ccs.bam
HG02148,hprc-v2.0,s3://human-pangenomics/working/HPRC/HG02148/raw_data/PacBio_HiFi/m64136_200620_173618.ccs.bam
HG02148,hprc-v2.0,s3://human-pangenomics/working/HPRC/HG02148/raw_data/PacBio_HiFi/m64136_200621_234916.ccs.bam
HG02148,hprc-v2.0,s3://human-pangenomics/working/HPRC/HG02148/raw_data/PacBio_HiFi/m64136_200623_061529.ccs.bam
HG02145,hprc-v2.0,s3://human-pangenomics/submissions/548dd68a-3e67-44a6-8b39-954b7a8eb835--HPRC_REVIO_EA_2023/bc2014-HG02145/m84036_230317_175945_s2.hifi_reads.bc2014.bam
HG02145,hprc-v2.0,s3://human-pangenomics/submissions/548dd68a-3e67-44a6-8b39-954b7a8eb835--HPRC_REVIO_EA_2023/bc2014-HG02145/m84039_230303_012244_s3.hifi_reads.bc2014.bam
HG02145,hprc-v2.0,s3://human-pangenomics/submissions/548dd68a-3e67-44a6-8b39-954b7a8eb835--HPRC_REVIO_EA_2023/bc2014-HG02145/m84039_230314_213047_s2.hifi_reads.bc2014.bam
HG02145,hprc-v2.0,s3://human-pangenomics/submissions/548dd68a-3e67-44a6-8b39-954b7a8eb835--HPRC_REVIO_EA_2023/bc2014-HG02145/m84039_230316_193003_s2.hifi_reads.bc2014.bam
HG02135,hprc-v2.0,s3://human-pangenomics/working/HPRC/HG02135/raw_data/PacBio_HiFi/m84046_230707_202610_s3.hifi_reads.default.bam
HG02135,hprc-v2.0,s3://human-pangenomics/working/HPRC/HG02135/raw_data/PacBio_HiFi/m84046_230712_224626_s1.hifi_reads.default.bam
HG02135,hprc-v2.0,s3://human-pangenomics/working/HPRC/HG02135/raw_data/PacBio_HiFi/m84046_230623_210640_s1.hifi_reads.default.bam
HG02135,hprc-v2.0,s3://human-pangenomics/working/HPRC/HG02135/raw_data/PacBio_HiFi/m84046_230628_175536_s3.hifi_reads.default.bam
HG02135,hprc-v2.0,s3://human-pangenomics/working/HPRC/HG02135/raw_data/PacBio_HiFi/m84046_230602_220440_s3.hifi_reads.default.bam
HG02135,hprc-v2.0,s3://human-pangenomics/working/HPRC/HG02135/raw_data/PacBio_HiFi/m54329U_210615_233707-bc1009_BAK8A_OA.hifi_reads.bam
HG02135,hprc-v2.0,s3://human-pangenomics/working/HPRC/HG02135/raw_data/PacBio_HiFi/m64076_210529_081414.hifi_reads.bam
HG02135,hprc-v2.0,s3://human-pangenomics/working/HPRC/HG02135/raw_data/PacBio_HiFi/m64076_210719_222908.hifi_reads.bam
HG02135,hprc-v2.0,s3://human-pangenomics/working/HPRC/HG02135/raw_data/PacBio_HiFi/m54329U_210507_224951-bc1009_BAK8A_OA.hifi_reads.bam
HG02135,hprc-v2.0,s3://human-pangenomics/working/HPRC/HG02135/raw_data/PacBio_HiFi/m64076_210602_215048.hifi_reads.bam
HG02135,hprc-v2.0,s3://human-pangenomics/working/HPRC/HG02135/raw_data/PacBio_HiFi/m54329U_210715_074913.hifi_reads.bam
HG02132,hprc-v2.0,s3://human-pangenomics/working/HPRC/HG02132/raw_data/PacBio_HiFi/m84046_230603_204152_s4.hifi_reads.default.bam
HG02132,hprc-v2.0,s3://human-pangenomics/working/HPRC/HG02132/raw_data/PacBio_HiFi/m54329U_210627_170630.hifi_reads.bam
HG02132,hprc-v2.0,s3://human-pangenomics/working/HPRC/HG02132/raw_data/PacBio_HiFi/m64076_210525_000003.hifi_reads.bam
HG02132,hprc-v2.0,s3://human-pangenomics/working/HPRC/HG02132/raw_data/PacBio_HiFi/m54329U_210704_040110.hifi_reads.bam
HG02132,hprc-v2.0,s3://human-pangenomics/working/HPRC/HG02132/raw_data/PacBio_HiFi/m54329U_210705_145805.hifi_reads.bam
HG02129,hprc-v2.0,s3://human-pangenomics/working/HPRC/HG02129/raw_data/PacBio_HiFi/m64136_220424_050632-bc1001.5mc.hifi_reads.bam
HG02129,hprc-v2.0,s3://human-pangenomics/working/HPRC/HG02129/raw_data/PacBio_HiFi/m64136_220426_155627-bc1001.5mc.hifi_reads.bam
HG02129,hprc-v2.0,s3://human-pangenomics/working/HPRC/HG02129/raw_data/PacBio_HiFi/m64136_220422_181133-bc1001.5mc.hifi_reads.bam
HG02129,hprc-v2.0,s3://human-pangenomics/working/HPRC/HG02129/raw_data/PacBio_HiFi/m84081_230727_190726_s1.hifi_reads.bc2026.bam
HG02129,hprc-v2.0,s3://human-pangenomics/working/HPRC/HG02129/raw_data/PacBio_HiFi/m84081_230727_193748_s2.hifi_reads.bc2026.bam
HG02109,hprc-v2.0,s3://human-pangenomics/submissions/548dd68a-3e67-44a6-8b39-954b7a8eb835--HPRC_REVIO_EA_2023/bc2013-HG02109/m84036_230317_175945_s2.hifi_reads.bc2013.bam
HG02109,hprc-v2.0,s3://human-pangenomics/submissions/548dd68a-3e67-44a6-8b39-954b7a8eb835--HPRC_REVIO_EA_2023/bc2013-HG02109/m84039_230303_012244_s3.hifi_reads.bc2013.bam
HG02109,hprc-v2.0,s3://human-pangenomics/submissions/548dd68a-3e67-44a6-8b39-954b7a8eb835--HPRC_REVIO_EA_2023/bc2013-HG02109/m84039_230314_213047_s2.hifi_reads.bc2013.bam
HG02109,hprc-v2.0,s3://human-pangenomics/submissions/548dd68a-3e67-44a6-8b39-954b7a8eb835--HPRC_REVIO_EA_2023/bc2013-HG02109/m84039_230316_193003_s2.hifi_reads.bc2013.bam
HG02083,hprc-v2.0,s3://human-pangenomics/working/HPRC/HG02083/raw_data/PacBio_HiFi/m84081_231027_192451_s1.hifi_reads.default.bam
HG02083,hprc-v2.0,s3://human-pangenomics/working/HPRC/HG02083/raw_data/PacBio_HiFi/m84081_231029_013437_s1.hifi_reads.default.bam
HG02083,hprc-v2.0,s3://human-pangenomics/working/HPRC/HG02083/raw_data/PacBio_HiFi/m64136_210317_200525.hifi_reads.bam
HG02083,hprc-v2.0,s3://human-pangenomics/working/HPRC/HG02083/raw_data/PacBio_HiFi/m64136_210319_191015.hifi_reads.bam
HG02083,hprc-v2.0,s3://human-pangenomics/working/HPRC/HG02083/raw_data/PacBio_HiFi/m64136_210321_022417.hifi_reads.bam
HG02083,hprc-v2.0,s3://human-pangenomics/working/HPRC/HG02083/raw_data/PacBio_HiFi/m64136_210323_162524.hifi_reads.bam
HG02080,hprc-v2.0,s3://human-pangenomics/submissions/93E3513C-507E-4002-B2E8-41E049C0593A--NISC_HiFi_TopUp_2022_with_5mC/HG02080/SMRTcell-1784.m64467e_220908_142429.pbccs-6.3.0.hifi_reads.primrose-1.2.0.5mC.bam
HG02080,hprc-v2.0,s3://human-pangenomics/submissions/93E3513C-507E-4002-B2E8-41E049C0593A--NISC_HiFi_TopUp_2022_with_5mC/HG02080/SMRTcell-1785.m64467e_220910_093757.pbccs-6.3.0.hifi_reads.primrose-1.2.0.5mC.bam
HG02074,hprc-v2.0,s3://human-pangenomics/working/HPRC/HG02074/raw_data/PacBio_HiFi/m84046_230624_204605_s4.hifi_reads.default.bam
HG02074,hprc-v2.0,s3://human-pangenomics/working/HPRC/HG02074/raw_data/PacBio_HiFi/m54329U_210507_224951-bc1010_BAK8A_OA.hifi_reads.bam
HG02074,hprc-v2.0,s3://human-pangenomics/working/HPRC/HG02074/raw_data/PacBio_HiFi/m54329U_210626_074001.hifi_reads.bam
HG02074,hprc-v2.0,s3://human-pangenomics/working/HPRC/HG02074/raw_data/PacBio_HiFi/m54329U_210630_194237.hifi_reads.bam
HG02074,hprc-v2.0,s3://human-pangenomics/working/HPRC/HG02074/raw_data/PacBio_HiFi/m64076_210630_101034.hifi_reads.bam
HG02071,hprc-v2.0,s3://human-pangenomics/working/HPRC/HG02071/raw_data/PacBio_HiFi/m84046_230712_000908_s4.hifi_reads.default.bam
HG02071,hprc-v2.0,s3://human-pangenomics/working/HPRC/HG02071/raw_data/PacBio_HiFi/m54329U_210507_224951-bc1011_BAK8A_OA.hifi_reads.bam
HG02071,hprc-v2.0,s3://human-pangenomics/working/HPRC/HG02071/raw_data/PacBio_HiFi/m64076_210604_225751.hifi_reads.bam
HG02071,hprc-v2.0,s3://human-pangenomics/working/HPRC/HG02071/raw_data/PacBio_HiFi/m64076_210607_215041.hifi_reads.bam
HG02071,hprc-v2.0,s3://human-pangenomics/working/HPRC/HG02071/raw_data/PacBio_HiFi/m64076_210609_084637.hifi_reads.bam
HG02056,hprc-v2.0,s3://human-pangenomics/working/HPRC/HG02056/raw_data/PacBio_HiFi/m64136_211121_153454-bc1009.5mc.hifi_reads.bam
HG02056,hprc-v2.0,s3://human-pangenomics/working/HPRC/HG02056/raw_data/PacBio_HiFi/m64043_220114_181052-bc1009.5mc.hifi_reads.bam
HG02056,hprc-v2.0,s3://human-pangenomics/working/HPRC/HG02056/raw_data/PacBio_HiFi/m64136_211120_043838-bc1009.5mc.hifi_reads.bam
HG02056,hprc-v2.0,s3://human-pangenomics/working/HPRC/HG02056/raw_data/PacBio_HiFi/m64136_211118_185339-bc1009.5mc.hifi_reads.bam
HG02056,hprc-v2.0,s3://human-pangenomics/working/HPRC/HG02056/raw_data/PacBio_HiFi/m84081_230727_190726_s1.hifi_reads.bc2030.bam
HG02056,hprc-v2.0,s3://human-pangenomics/working/HPRC/HG02056/raw_data/PacBio_HiFi/m84081_230727_193748_s2.hifi_reads.bc2030.bam
HG02055,hprc-v2.0,s3://human-pangenomics/submissions/548dd68a-3e67-44a6-8b39-954b7a8eb835--HPRC_REVIO_EA_2023/bc2010-HG02055/m84039_230303_005138_s2.hifi_reads.bc2010.bam
HG02055,hprc-v2.0,s3://human-pangenomics/submissions/548dd68a-3e67-44a6-8b39-954b7a8eb835--HPRC_REVIO_EA_2023/bc2010-HG02055/m84039_230311_024907_s1.hifi_reads.bc2010.bam
HG02055,hprc-v2.0,s3://human-pangenomics/submissions/548dd68a-3e67-44a6-8b39-954b7a8eb835--HPRC_REVIO_EA_2023/bc2010-HG02055/m84039_230314_210032_s1.hifi_reads.bc2010.bam
HG02055,hprc-v2.0,s3://human-pangenomics/submissions/548dd68a-3e67-44a6-8b39-954b7a8eb835--HPRC_REVIO_EA_2023/bc2010-HG02055/m84039_230316_185945_s1.hifi_reads.bc2010.bam
HG02040,hprc-v2.0,s3://human-pangenomics/working/HPRC/HG02040/raw_data/PacBio_HiFi/m64076_220908_204946-bc2056.5mc.hifi_reads.bam
HG02040,hprc-v2.0,s3://human-pangenomics/working/HPRC/HG02040/raw_data/PacBio_HiFi/m64076_220910_174812-bc2056.5mc.hifi_reads.bam
HG02040,hprc-v2.0,s3://human-pangenomics/working/HPRC/HG02040/raw_data/PacBio_HiFi/m64076_220912_140850-bc2056.5mc.hifi_reads.bam
HG02040,hprc-v2.0,s3://human-pangenomics/working/HPRC/HG02040/raw_data/PacBio_HiFi/m84046_230531_221339_s3.hifi_reads.bc2056.bam
HG02027,hprc-v2.0,s3://human-pangenomics/working/HPRC/HG02027/raw_data/PacBio_HiFi/m84081_231117_211338_s4.hifi_reads.bc2081.bam
HG02027,hprc-v2.0,s3://human-pangenomics/working/HPRC/HG02027/raw_data/PacBio_HiFi/m84081_231119_032407_s4.hifi_reads.bc2081.bam
HG02027,hprc-v2.0,s3://human-pangenomics/working/HPRC/HG02027/raw_data/PacBio_HiFi/m64136_210205_190622.hifi_reads.bam
HG02027,hprc-v2.0,s3://human-pangenomics/working/HPRC/HG02027/raw_data/PacBio_HiFi/m64136_210207_012053.hifi_reads.bam
HG02027,hprc-v2.0,s3://human-pangenomics/working/HPRC/HG02027/raw_data/PacBio_HiFi/m64136_210209_184241.hifi_reads.bam
HG02027,hprc-v2.0,s3://human-pangenomics/working/HPRC/HG02027/raw_data/PacBio_HiFi/m64136_210211_010151.hifi_reads.bam
HG02015,hprc-v2.0,s3://human-pangenomics/working/HPRC/HG02015/raw_data/PacBio_HiFi/m64043_210903_163032-bc1022.5mc.hifi_reads.bam
HG02015,hprc-v2.0,s3://human-pangenomics/working/HPRC/HG02015/raw_data/PacBio_HiFi/m64043_210905_032603-bc1022.5mc.hifi_reads.bam
HG02015,hprc-v2.0,s3://human-pangenomics/working/HPRC/HG02015/raw_data/PacBio_HiFi/m64043_210901_164337-bc1022.5mc.hifi_reads.bam
HG02015,hprc-v2.0,s3://human-pangenomics/working/HPRC/HG02015/raw_data/PacBio_HiFi/m84081_230721_175633_s1.hifi_reads.bc1022.bam
HG02015,hprc-v2.0,s3://human-pangenomics/working/HPRC/HG02015/raw_data/PacBio_HiFi/m84081_230721_182654_s2.hifi_reads.bc1022.bam
HG02004,hprc-v2.0,s3://human-pangenomics/working/HPRC/HG02004/raw_data/PacBio_HiFi/m84081_231027_205726_s4.hifi_reads.default.bam
HG02004,hprc-v2.0,s3://human-pangenomics/working/HPRC/HG02004/raw_data/PacBio_HiFi/m84081_231029_030755_s4.hifi_reads.default.bam
HG02004,hprc-v2.0,s3://human-pangenomics/working/HPRC/HG02004/raw_data/PacBio_HiFi/m64043_210709_205614.hifi_reads.bam
HG02004,hprc-v2.0,s3://human-pangenomics/working/HPRC/HG02004/raw_data/PacBio_HiFi/m64136_210702_183526.hifi_reads.bam
HG02004,hprc-v2.0,s3://human-pangenomics/working/HPRC/HG02004/raw_data/PacBio_HiFi/m64136_210704_053041.hifi_reads.bam
HG02004,hprc-v2.0,s3://human-pangenomics/working/HPRC/HG02004/raw_data/PacBio_HiFi/m64136_210705_162724.hifi_reads.bam
HG01993,hprc-v2.0,s3://human-pangenomics/working/HPRC/HG01993/raw_data/PacBio_HiFi/m84081_231119_015049_s1.hifi_reads.bc2085.bam
HG01993,hprc-v2.0,s3://human-pangenomics/working/HPRC/HG01993/raw_data/PacBio_HiFi/m84081_231119_022155_s2.hifi_reads.bc2085.bam
HG01993,hprc-v2.0,s3://human-pangenomics/working/HPRC/HG01993/raw_data/PacBio_HiFi/m84081_231119_025301_s3.hifi_reads.bc2085.bam
HG01993,hprc-v2.0,s3://human-pangenomics/working/HPRC/HG01993/raw_data/PacBio_HiFi/m64043_210620_041711.hifi_reads.bam
HG01993,hprc-v2.0,s3://human-pangenomics/working/HPRC/HG01993/raw_data/PacBio_HiFi/m64043_210622_163331.hifi_reads.bam
HG01993,hprc-v2.0,s3://human-pangenomics/working/HPRC/HG01993/raw_data/PacBio_HiFi/m64043_210624_032817.hifi_reads.bam
HG01981,hprc-v2.0,s3://human-pangenomics/working/HPRC/HG01981/raw_data/PacBio_HiFi/m84081_231124_014115_s1.hifi_reads.bc2091.bam
HG01981,hprc-v2.0,s3://human-pangenomics/working/HPRC/HG01981/raw_data/PacBio_HiFi/m84081_231124_021221_s2.hifi_reads.bc2091.bam
HG01981,hprc-v2.0,s3://human-pangenomics/working/HPRC/HG01981/raw_data/PacBio_HiFi/m84081_231124_024327_s3.hifi_reads.bc2091.bam
HG01981,hprc-v2.0,s3://human-pangenomics/working/HPRC/HG01981/raw_data/PacBio_HiFi/m64136_210625_184731.hifi_reads.bam
HG01981,hprc-v2.0,s3://human-pangenomics/working/HPRC/HG01981/raw_data/PacBio_HiFi/m64136_210627_054246.hifi_reads.bam
HG01981,hprc-v2.0,s3://human-pangenomics/working/HPRC/HG01981/raw_data/PacBio_HiFi/m64136_210628_163953.hifi_reads.bam
HG01978,hprc-v2.0,s3://human-pangenomics/working/HPRC/HG01978/raw_data/PacBio_HiFi/m84081_231222_081401_s1.hifi_reads.bc2021.bam
HG01978,hprc-v2.0,s3://human-pangenomics/working/HPRC/HG01978/raw_data/PacBio_HiFi/m84081_231222_101332_s2.hifi_reads.bc2021.bam
HG01978,hprc-v2.0,s3://human-pangenomics/working/HPRC/HG01978/raw_data/PacBio_HiFi/m84081_231222_121301_s3.hifi_reads.bc2021.bam
HG01978,hprc-v2.0,s3://human-pangenomics/working/HPRC/HG01978/raw_data/PacBio_HiFi/m84081_231222_141231_s4.hifi_reads.bc2021.bam
HG01978,hprc-v2.0,s3://human-pangenomics/working/HPRC/HG01978/raw_data/PacBio_HiFi/m64136_200530_164818.ccs.bam
HG01978,hprc-v2.0,s3://human-pangenomics/working/HPRC/HG01978/raw_data/PacBio_HiFi/m64136_200602_153012.ccs.bam
HG01978,hprc-v2.0,s3://human-pangenomics/working/HPRC/HG01978/raw_data/PacBio_HiFi/m64136_200603_214308.ccs.bam
HG01978,hprc-v2.0,s3://human-pangenomics/working/HPRC/HG01978/raw_data/PacBio_HiFi/m64136_200605_040848.ccs.bam
HG01975,hprc-v2.0,s3://human-pangenomics/working/HPRC/HG01975/raw_data/PacBio_HiFi/m64043_211113_003158-bc1003.5mc.hifi_reads.bam
HG01975,hprc-v2.0,s3://human-pangenomics/working/HPRC/HG01975/raw_data/PacBio_HiFi/m64043_211114_112934-bc1003.5mc.hifi_reads.bam
HG01975,hprc-v2.0,s3://human-pangenomics/working/HPRC/HG01975/raw_data/PacBio_HiFi/m64043_211222_184851-bc1003.5mc.hifi_reads.bam
HG01975,hprc-v2.0,s3://human-pangenomics/working/HPRC/HG01975/raw_data/PacBio_HiFi/m64043_211115_222749-bc1003.5mc.hifi_reads.bam
HG01975,hprc-v2.0,s3://human-pangenomics/working/HPRC/HG01975/raw_data/PacBio_HiFi/m84081_230721_185800_s3.hifi_reads.bc2025.bam
HG01975,hprc-v2.0,s3://human-pangenomics/working/HPRC/HG01975/raw_data/PacBio_HiFi/m84081_230721_192906_s4.hifi_reads.bc2025.bam
HG01969,hprc-v2.0,s3://human-pangenomics/working/HPRC/HG01969/raw_data/PacBio_HiFi/primrose/m54306Ue_220227_055825.5mc.hifi_reads.bam
HG01969,hprc-v2.0,s3://human-pangenomics/working/HPRC/HG01969/raw_data/PacBio_HiFi/primrose/m54306Ue_220422_144937.5mc.hifi_reads.bam
HG01969,hprc-v2.0,s3://human-pangenomics/working/HPRC/HG01969/raw_data/PacBio_HiFi/primrose/m64055e_220506_051029.5mc.hifi_reads.bam
HG01969,hprc-v2.0,s3://human-pangenomics/working/HPRC/HG01969/raw_data/PacBio_HiFi/primrose/m64330e_220305_053001.5mc.hifi_reads.bam
HG01969,hprc-v2.0,s3://human-pangenomics/working/HPRC/HG01969/raw_data/PacBio_HiFi/primrose/m64334e_220415_144515.5mc.hifi_reads.bam
HG01969,hprc-v2.0,s3://human-pangenomics/working/HPRC/HG01969/raw_data/PacBio_HiFi/primrose/m64055e_220517_182131.demultiplex.bc1002--bc1002.5mc.hifi_reads.bam
HG01969,hprc-v2.0,s3://human-pangenomics/working/HPRC/HG01969/raw_data/PacBio_HiFi/m84091_240110_201841_s2.hifi_reads.bc1002.bam
HG01960,hprc-v2.0,s3://human-pangenomics/working/HPRC/HG01960/raw_data/PacBio_HiFi/primrose/m54306Ue_220409_033640.5mc.hifi_reads.bam
HG01960,hprc-v2.0,s3://human-pangenomics/working/HPRC/HG01960/raw_data/PacBio_HiFi/primrose/m54306Ue_220410_130603.5mc.hifi_reads.bam
HG01960,hprc-v2.0,s3://human-pangenomics/working/HPRC/HG01960/raw_data/PacBio_HiFi/primrose/m64330e_220401_181429.5mc.hifi_reads.bam
HG01960,hprc-v2.0,s3://human-pangenomics/working/HPRC/HG01960/raw_data/PacBio_HiFi/primrose/m64330e_220412_185021.5mc.hifi_reads.bam
HG01960,hprc-v2.0,s3://human-pangenomics/working/HPRC/HG01960/raw_data/PacBio_HiFi/m84091_230817_150246_s3.hifi_reads.bc1012.bam
HG01952,hprc-v2.0,s3://human-pangenomics/working/HPRC/HG01952/raw_data/PacBio_HiFi/m84081_231222_081401_s1.hifi_reads.bc2029.bam
HG01952,hprc-v2.0,s3://human-pangenomics/working/HPRC/HG01952/raw_data/PacBio_HiFi/m84081_231222_101332_s2.hifi_reads.bc2029.bam
HG01952,hprc-v2.0,s3://human-pangenomics/working/HPRC/HG01952/raw_data/PacBio_HiFi/m84081_231222_121301_s3.hifi_reads.bc2029.bam
HG01952,hprc-v2.0,s3://human-pangenomics/working/HPRC/HG01952/raw_data/PacBio_HiFi/m84081_231222_141231_s4.hifi_reads.bc2029.bam
HG01952,hprc-v2.0,s3://human-pangenomics/working/HPRC/HG01952/raw_data/PacBio_HiFi/m64136_200612_201033.ccs.bam
HG01952,hprc-v2.0,s3://human-pangenomics/working/HPRC/HG01952/raw_data/PacBio_HiFi/m64136_200614_192134.ccs.bam
HG01952,hprc-v2.0,s3://human-pangenomics/working/HPRC/HG01952/raw_data/PacBio_HiFi/m64136_200616_013426.ccs.bam
HG01952,hprc-v2.0,s3://human-pangenomics/working/HPRC/HG01952/raw_data/PacBio_HiFi/m64136_200617_080019.ccs.bam
HG01943,hprc-v2.0,s3://human-pangenomics/working/HPRC/HG01943/raw_data/PacBio_HiFi/m84081_231122_210358_s4.hifi_reads.bc2093.bam
HG01943,hprc-v2.0,s3://human-pangenomics/working/HPRC/HG01943/raw_data/PacBio_HiFi/m84081_231124_031433_s4.hifi_reads.bc2093.bam
HG01943,hprc-v2.0,s3://human-pangenomics/working/HPRC/HG01943/raw_data/PacBio_HiFi/m64043_210716_230222.hifi_reads.bam
HG01943,hprc-v2.0,s3://human-pangenomics/working/HPRC/HG01943/raw_data/PacBio_HiFi/m64043_210718_100009.hifi_reads.bam
HG01943,hprc-v2.0,s3://human-pangenomics/working/HPRC/HG01943/raw_data/PacBio_HiFi/m64043_210719_210019.hifi_reads.bam
HG01940,hprc-v2.0,s3://human-pangenomics/working/HPRC/HG01940/raw_data/PacBio_HiFi/primrose/m64330e_220415_164034.5mc.hifi_reads.bam
HG01940,hprc-v2.0,s3://human-pangenomics/working/HPRC/HG01940/raw_data/PacBio_HiFi/primrose/m64334e_220304_185513.5mc.hifi_reads.bam
HG01940,hprc-v2.0,s3://human-pangenomics/working/HPRC/HG01940/raw_data/PacBio_HiFi/primrose/m64334e_220422_151506.5mc.hifi_reads.bam
HG01940,hprc-v2.0,s3://human-pangenomics/working/HPRC/HG01940/raw_data/PacBio_HiFi/primrose/m64334e_220424_021126.5mc.hifi_reads.bam
HG01940,hprc-v2.0,s3://human-pangenomics/working/HPRC/HG01940/raw_data/PacBio_HiFi/primrose/m64334e_220426_185110.demultiplex.bc1010--bc1010.5mc.hifi_reads.bam
HG01940,hprc-v2.0,s3://human-pangenomics/working/HPRC/HG01940/raw_data/PacBio_HiFi/m84091_240110_191713_s4.hifi_reads.bc1010.bam
HG01934,hprc-v2.0,s3://human-pangenomics/working/HPRC/HG01934/raw_data/PacBio_HiFi/m84081_231117_193129_s1.hifi_reads.bc2088.bam
HG01934,hprc-v2.0,s3://human-pangenomics/working/HPRC/HG01934/raw_data/PacBio_HiFi/m84081_231117_201125_s2.hifi_reads.bc2088.bam
HG01934,hprc-v2.0,s3://human-pangenomics/working/HPRC/HG01934/raw_data/PacBio_HiFi/m84081_231117_204232_s3.hifi_reads.bc2088.bam
HG01934,hprc-v2.0,s3://human-pangenomics/working/HPRC/HG01934/raw_data/PacBio_HiFi/m64136_210723_184622.hifi_reads.bam
HG01934,hprc-v2.0,s3://human-pangenomics/working/HPRC/HG01934/raw_data/PacBio_HiFi/m64136_210725_054129.hifi_reads.bam
HG01934,hprc-v2.0,s3://human-pangenomics/working/HPRC/HG01934/raw_data/PacBio_HiFi/m64136_210726_163800.hifi_reads.bam
HG01934,hprc-v2.0,s3://human-pangenomics/working/HPRC/HG01934/raw_data/PacBio_HiFi/m64136_210728_163638.hifi_reads.bam
HG01928,hprc-v2.0,s3://human-pangenomics/working/HPRC/HG01928/raw_data/PacBio_HiFi/m84081_231222_081401_s1.hifi_reads.bc2022.bam
HG01928,hprc-v2.0,s3://human-pangenomics/working/HPRC/HG01928/raw_data/PacBio_HiFi/m84081_231222_101332_s2.hifi_reads.bc2022.bam
HG01928,hprc-v2.0,s3://human-pangenomics/working/HPRC/HG01928/raw_data/PacBio_HiFi/m84081_231222_121301_s3.hifi_reads.bc2022.bam
HG01928,hprc-v2.0,s3://human-pangenomics/working/HPRC/HG01928/raw_data/PacBio_HiFi/m84081_231222_141231_s4.hifi_reads.bc2022.bam
HG01928,hprc-v2.0,s3://human-pangenomics/working/HPRC/HG01928/raw_data/PacBio_HiFi/m64043_200612_200936.ccs.bam
HG01928,hprc-v2.0,s3://human-pangenomics/working/HPRC/HG01928/raw_data/PacBio_HiFi/m64043_200614_191756.ccs.bam
HG01928,hprc-v2.0,s3://human-pangenomics/working/HPRC/HG01928/raw_data/PacBio_HiFi/m64043_200616_013031.ccs.bam
HG01928,hprc-v2.0,s3://human-pangenomics/working/HPRC/HG01928/raw_data/PacBio_HiFi/m64043_200617_075530.ccs.bam
HG01891,hprc-v2.0,s3://human-pangenomics/working/HPRC/HG01891/raw_data/PacBio_HiFi/m84046_230712_224626_s1.hifi_reads.bc2066.bam
HG01891,hprc-v2.0,s3://human-pangenomics/working/HPRC/HG01891/raw_data/PacBio_HiFi/m54329U_200124_193652.ccs.bam
HG01891,hprc-v2.0,s3://human-pangenomics/working/HPRC/HG01891/raw_data/PacBio_HiFi/m54329U_200127_180554.ccs.bam
HG01891,hprc-v2.0,s3://human-pangenomics/working/HPRC/HG01891/raw_data/PacBio_HiFi/m54329U_200129_001928.ccs.bam
HG01891,hprc-v2.0,s3://human-pangenomics/working/HPRC/HG01891/raw_data/PacBio_HiFi/m54329U_200130_064539.ccs.bam
HG01884,hprc-v2.0,s3://human-pangenomics/working/HPRC/HG01884/raw_data/PacBio_HiFi/m84046_230712_231732_s2.hifi_reads.default.bam
HG01884,hprc-v2.0,s3://human-pangenomics/working/HPRC/HG01884/raw_data/PacBio_HiFi/m84046_230707_192442_s1.hifi_reads.default.bam
HG01884,hprc-v2.0,s3://human-pangenomics/working/HPRC/HG01884/raw_data/PacBio_HiFi/m84046_230718_230843_s2.hifi_reads.default.bam
HG01884,hprc-v2.0,s3://human-pangenomics/working/HPRC/HG01884/raw_data/PacBio_HiFi/m84046_230701_003325_s1.hifi_reads.default.bam
HG01884,hprc-v2.0,s3://human-pangenomics/working/HPRC/HG01884/raw_data/PacBio_HiFi/m54329U_210716_214728.hifi_reads.bam
HG01884,hprc-v2.0,s3://human-pangenomics/working/HPRC/HG01884/raw_data/PacBio_HiFi/m54329U_210718_084331.hifi_reads.bam
HG01884,hprc-v2.0,s3://human-pangenomics/working/HPRC/HG01884/raw_data/PacBio_HiFi/m54329U_210713_205453.hifi_reads.bam
HG01786,hprc-v2.0,s3://human-pangenomics/working/HPRC/HG01786/raw_data/PacBio_HiFi/m84081_230616_172650_s1.hifi_reads.bc2012.bam
HG01786,hprc-v2.0,s3://human-pangenomics/working/HPRC/HG01786/raw_data/PacBio_HiFi/m84081_230616_175717_s2.hifi_reads.bc2012.bam
HG01784,hprc-v2.0,s3://human-pangenomics/working/HPRC/HG01784/raw_data/PacBio_HiFi/primrose/m64055e_220920_175231.5mc.hifi_reads.bam
HG01784,hprc-v2.0,s3://human-pangenomics/working/HPRC/HG01784/raw_data/PacBio_HiFi/primrose/m64055e_220922_130045.5mc.hifi_reads.bam
HG01784,hprc-v2.0,s3://human-pangenomics/working/HPRC/HG01784/raw_data/PacBio_HiFi/primrose/m64330e_220917_122517.5mc.hifi_reads.bam
HG01784,hprc-v2.0,s3://human-pangenomics/working/HPRC/HG01784/raw_data/PacBio_HiFi/m84091_231120_182829_s1.hifi_reads.bc1019.bam
HG01530,hprc-v2.0,s3://human-pangenomics/working/HPRC/HG01530/raw_data/PacBio_HiFi/primrose/m64055e_220915_170505.5mc.hifi_reads.bam
HG01530,hprc-v2.0,s3://human-pangenomics/working/HPRC/HG01530/raw_data/PacBio_HiFi/primrose/m64334e_220920_180418.5mc.hifi_reads.bam
HG01530,hprc-v2.0,s3://human-pangenomics/working/HPRC/HG01530/raw_data/PacBio_HiFi/primrose/m64334e_220922_131140.5mc.hifi_reads.bam
HG01530,hprc-v2.0,s3://human-pangenomics/working/HPRC/HG01530/raw_data/PacBio_HiFi/m84091_231208_194716_s4.hifi_reads.bc1021.bam
HG01530,hprc-v2.0,s3://human-pangenomics/working/HPRC/HG01530/raw_data/PacBio_HiFi/m84091_231208_201822_s1.hifi_reads.bc1021.bam
HG01530,hprc-v2.0,s3://human-pangenomics/working/HPRC/HG01530/raw_data/PacBio_HiFi/m84091_231208_204928_s2.hifi_reads.bc1021.bam
HG01496,hprc-v2.0,s3://human-pangenomics/working/HPRC/HG01496/raw_data/PacBio_HiFi/m84081_231112_030942_s3.hifi_reads.bc2080.bam
HG01496,hprc-v2.0,s3://human-pangenomics/working/HPRC/HG01496/raw_data/PacBio_HiFi/m64043_210625_184443.hifi_reads.bam
HG01496,hprc-v2.0,s3://human-pangenomics/working/HPRC/HG01496/raw_data/PacBio_HiFi/m64043_210627_054642.hifi_reads.bam
HG01496,hprc-v2.0,s3://human-pangenomics/working/HPRC/HG01496/raw_data/PacBio_HiFi/m64043_210628_151651.hifi_reads.bam
HG01433,hprc-v2.0,s3://human-pangenomics/working/HPRC/HG01433/raw_data/PacBio_HiFi/m84081_230727_190726_s1.hifi_reads.default.bam
HG01433,hprc-v2.0,s3://human-pangenomics/working/HPRC/HG01433/raw_data/PacBio_HiFi/m84081_230727_193748_s2.hifi_reads.default.bam
HG01433,hprc-v2.0,s3://human-pangenomics/working/HPRC/HG01433/raw_data/PacBio_HiFi/m64136_210604_175856.hifi_reads.bam
HG01433,hprc-v2.0,s3://human-pangenomics/working/HPRC/HG01433/raw_data/PacBio_HiFi/m64136_210606_025622.hifi_reads.bam
HG01433,hprc-v2.0,s3://human-pangenomics/working/HPRC/HG01433/raw_data/PacBio_HiFi/m64136_210607_115559.hifi_reads.bam
HG01433,hprc-v2.0,s3://human-pangenomics/working/HPRC/HG01433/raw_data/PacBio_HiFi/m64136_210610_203618.hifi_reads.bam
HG01361,hprc-v2.0,s3://human-pangenomics/working/HPRC/HG01361/raw_data/PacBio_HiFi/m84046_230724_203319_s4.hifi_reads.bc2056.bam
HG01361,hprc-v2.0,s3://human-pangenomics/working/HPRC/HG01361/raw_data/PacBio_HiFi/m84046_231202_071034_s1.hifi_reads.bc2052.bam
HG01361,hprc-v2.0,s3://human-pangenomics/working/HPRC/HG01361/raw_data/PacBio_HiFi_Swap_Fixed/m54329U_200306_185930.ccs.bam
HG01361,hprc-v2.0,s3://human-pangenomics/working/HPRC/HG01361/raw_data/PacBio_HiFi_Swap_Fixed/m64076_200221_234426.ccs.bam
HG01361,hprc-v2.0,s3://human-pangenomics/working/HPRC/HG01361/raw_data/PacBio_HiFi_Swap_Fixed/m54329U_200308_194417.ccs.bam
HG01361,hprc-v2.0,s3://human-pangenomics/working/HPRC/HG01361/raw_data/PacBio_HiFi_Swap_Fixed/m54329U_200310_015838.ccs.bam
HG01361,hprc-v2.0,s3://human-pangenomics/working/HPRC/HG01361/raw_data/PacBio_HiFi_Swap_Fixed/m54329U_200311_082605.ccs.bam
HG01358,hprc-v2.0,s3://human-pangenomics/working/HPRC/HG01358/raw_data/PacBio_HiFi/m84046_231202_071034_s1.hifi_reads.bc2053.bam
HG01358,hprc-v2.0,s3://human-pangenomics/working/HPRC/HG01358/raw_data/PacBio_HiFi/m84046_231202_110908_s4.hifi_reads.bc2053.bam
HG01358,hprc-v2.0,s3://human-pangenomics/working/HPRC/HG01358/raw_data/PacBio_HiFi/m64076_200201_051547.ccs.bam
HG01358,hprc-v2.0,s3://human-pangenomics/working/HPRC/HG01358/raw_data/PacBio_HiFi/m64076_200203_181219.ccs.bam
HG01358,hprc-v2.0,s3://human-pangenomics/working/HPRC/HG01358/raw_data/PacBio_HiFi/m64076_200206_215943.ccs.bam
HG01358,hprc-v2.0,s3://human-pangenomics/working/HPRC/HG01358/raw_data/PacBio_HiFi/m64076_200208_041234.ccs.bam
HG01346,hprc-v2.0,s3://human-pangenomics/working/HPRC/HG01346/raw_data/PacBio_HiFi/m84046_230720_182350_s1.hifi_reads.bc2005.bam
HG01346,hprc-v2.0,s3://human-pangenomics/working/HPRC/HG01346/raw_data/PacBio_HiFi/m54329U_210624_221223.hifi_reads.bam
HG01346,hprc-v2.0,s3://human-pangenomics/working/HPRC/HG01346/raw_data/PacBio_HiFi/m64076_210526_105450.hifi_reads.bam
HG01346,hprc-v2.0,s3://human-pangenomics/working/HPRC/HG01346/raw_data/PacBio_HiFi/m54329U_210629_024631.hifi_reads.bam
HG01346,hprc-v2.0,s3://human-pangenomics/working/HPRC/HG01346/raw_data/PacBio_HiFi/m64076_210621_234241.hifi_reads.bam
HG01261,hprc-v2.0,s3://human-pangenomics/working/HPRC/HG01261/raw_data/PacBio_HiFi/m64043_211222_184851-bc1001.5mc.hifi_reads.bam
HG01261,hprc-v2.0,s3://human-pangenomics/working/HPRC/HG01261/raw_data/PacBio_HiFi/m64136_211108_160613-bc1001.5mc.hifi_reads.bam
HG01261,hprc-v2.0,s3://human-pangenomics/working/HPRC/HG01261/raw_data/PacBio_HiFi/m64136_211105_181124-bc1001.5mc.hifi_reads.bam
HG01261,hprc-v2.0,s3://human-pangenomics/working/HPRC/HG01261/raw_data/PacBio_HiFi/m64136_211107_050725-bc1001.5mc.hifi_reads.bam
HG01261,hprc-v2.0,s3://human-pangenomics/working/HPRC/HG01261/raw_data/PacBio_HiFi/m84081_230721_185800_s3.hifi_reads.bc2024.bam
HG01261,hprc-v2.0,s3://human-pangenomics/working/HPRC/HG01261/raw_data/PacBio_HiFi/m84081_230721_192906_s4.hifi_reads.bc2024.bam
HG01258,hprc-v2.0,s3://human-pangenomics/working/HPRC/HG01258/raw_data/PacBio_HiFi/m84046_231202_090949_s3.hifi_reads.bc2054.bam
HG01258,hprc-v2.0,s3://human-pangenomics/working/HPRC/HG01258/raw_data/PacBio_HiFi_Swap_Fixed/m64076_200306_185917.ccs.bam
HG01258,hprc-v2.0,s3://human-pangenomics/working/HPRC/HG01258/raw_data/PacBio_HiFi_Swap_Fixed/m64076_200308_194406.ccs.bam
HG01258,hprc-v2.0,s3://human-pangenomics/working/HPRC/HG01258/raw_data/PacBio_HiFi_Swap_Fixed/m64076_200310_015720.ccs.bam
HG01258,hprc-v2.0,s3://human-pangenomics/working/HPRC/HG01258/raw_data/PacBio_HiFi_Swap_Fixed/m64076_200311_082315.ccs.bam
HG01255,hprc-v2.0,s3://human-pangenomics/working/HPRC/HG01255/raw_data/PacBio_HiFi/m84081_231105_024654_s3.hifi_reads.default.bam
HG01255,hprc-v2.0,s3://human-pangenomics/working/HPRC/HG01255/raw_data/PacBio_HiFi/m64043_210520_180149.hifi_reads.bam
HG01255,hprc-v2.0,s3://human-pangenomics/working/HPRC/HG01255/raw_data/PacBio_HiFi/m64136_210516_022225.hifi_reads.bam
HG01255,hprc-v2.0,s3://human-pangenomics/working/HPRC/HG01255/raw_data/PacBio_HiFi/m64136_210519_033858.hifi_reads.bam
HG01252,hprc-v2.0,s3://human-pangenomics/working/HPRC/HG01252/raw_data/PacBio_HiFi/primrose/m54306Ue_220228_165421.5mc.hifi_reads.bam
HG01252,hprc-v2.0,s3://human-pangenomics/working/HPRC/HG01252/raw_data/PacBio_HiFi/primrose/m54306Ue_220419_182803.5mc.hifi_reads.bam
HG01252,hprc-v2.0,s3://human-pangenomics/working/HPRC/HG01252/raw_data/PacBio_HiFi/primrose/m64330e_220306_155049.5mc.hifi_reads.bam
HG01252,hprc-v2.0,s3://human-pangenomics/working/HPRC/HG01252/raw_data/PacBio_HiFi/primrose/m64330e_220414_054422.5mc.hifi_reads.bam
HG01252,hprc-v2.0,s3://human-pangenomics/working/HPRC/HG01252/raw_data/PacBio_HiFi/primrose/m64334e_220419_183840.5mc.hifi_reads.bam
HG01252,hprc-v2.0,s3://human-pangenomics/working/HPRC/HG01252/raw_data/PacBio_HiFi/m84091_230905_205913_s4.hifi_reads.bc1020.bam
HG01243,hprc-v2.0,s3://human-pangenomics/submissions/548dd68a-3e67-44a6-8b39-954b7a8eb835--HPRC_REVIO_EA_2023/bc2009-HG01243/m84039_230303_005138_s2.hifi_reads.bc2009.bam
HG01243,hprc-v2.0,s3://human-pangenomics/submissions/548dd68a-3e67-44a6-8b39-954b7a8eb835--HPRC_REVIO_EA_2023/bc2009-HG01243/m84039_230311_024907_s1.hifi_reads.bc2009.bam
HG01243,hprc-v2.0,s3://human-pangenomics/submissions/548dd68a-3e67-44a6-8b39-954b7a8eb835--HPRC_REVIO_EA_2023/bc2009-HG01243/m84039_230314_210032_s1.hifi_reads.bc2009.bam
HG01243,hprc-v2.0,s3://human-pangenomics/submissions/548dd68a-3e67-44a6-8b39-954b7a8eb835--HPRC_REVIO_EA_2023/bc2009-HG01243/m84039_230316_185945_s1.hifi_reads.bc2009.bam
HG01192,hprc-v2.0,s3://human-pangenomics/working/HPRC/HG01192/raw_data/PacBio_HiFi/m64043_211126_061537.5mc.hifi_reads.bam
HG01192,hprc-v2.0,s3://human-pangenomics/working/HPRC/HG01192/raw_data/PacBio_HiFi/m64043_211124_192057.5mc.hifi_reads.bam
HG01192,hprc-v2.0,s3://human-pangenomics/working/HPRC/HG01192/raw_data/PacBio_HiFi/m64043_211127_171224.5mc.hifi_reads.bam
HG01192,hprc-v2.0,s3://human-pangenomics/working/HPRC/HG01192/raw_data/PacBio_HiFi/m84081_230630_201015_s3.hifi_reads.default.bam
HG01192,hprc-v2.0,s3://human-pangenomics/working/HPRC/HG01192/raw_data/PacBio_HiFi/m84081_230630_204121_s4.hifi_reads.default.bam
HG01175,hprc-v2.0,s3://human-pangenomics/working/HPRC/HG01175/raw_data/PacBio_HiFi/m84081_231222_081401_s1.hifi_reads.bc2025.bam
HG01175,hprc-v2.0,s3://human-pangenomics/working/HPRC/HG01175/raw_data/PacBio_HiFi/m84081_231222_101332_s2.hifi_reads.bc2025.bam
HG01175,hprc-v2.0,s3://human-pangenomics/working/HPRC/HG01175/raw_data/PacBio_HiFi/m84081_231222_121301_s3.hifi_reads.bc2025.bam
HG01175,hprc-v2.0,s3://human-pangenomics/working/HPRC/HG01175/raw_data/PacBio_HiFi/m84081_231222_141231_s4.hifi_reads.bc2025.bam
HG01175,hprc-v2.0,s3://human-pangenomics/working/HPRC/HG01175/raw_data/PacBio_HiFi/m64043_200618_201934.ccs.bam
HG01175,hprc-v2.0,s3://human-pangenomics/working/HPRC/HG01175/raw_data/PacBio_HiFi/m64043_200620_173220.ccs.bam
HG01175,hprc-v2.0,s3://human-pangenomics/working/HPRC/HG01175/raw_data/PacBio_HiFi/m64043_200621_234442.ccs.bam
HG01175,hprc-v2.0,s3://human-pangenomics/working/HPRC/HG01175/raw_data/PacBio_HiFi/m64043_200623_060946.ccs.bam
HG01167,hprc-v2.0,s3://human-pangenomics/working/HPRC/HG01167/raw_data/PacBio_HiFi/m84091_230725_164143_s3.hifi_reads.bc1012.bam
HG01167,hprc-v2.0,s3://human-pangenomics/working/HPRC/HG01167/raw_data/PacBio_HiFi/m84091_230731_140439_s3.hifi_reads.bc1012.bam
HG01167,hprc-v2.0,s3://human-pangenomics/working/HPRC/HG01167/raw_data/PacBio_HiFi/m84091_230817_153352_s4.hifi_reads.bc1012.bam
HG01150,hprc-v2.0,s3://human-pangenomics/working/HPRC/HG01150/raw_data/PacBio_HiFi/primrose/m64330e_220312_183407.5mc.hifi_reads.bam
HG01150,hprc-v2.0,s3://human-pangenomics/working/HPRC/HG01150/raw_data/PacBio_HiFi/primrose/m64330e_220314_040416.5mc.hifi_reads.bam
HG01150,hprc-v2.0,s3://human-pangenomics/working/HPRC/HG01150/raw_data/PacBio_HiFi/primrose/m64334e_220306_054934.5mc.hifi_reads.bam
HG01150,hprc-v2.0,s3://human-pangenomics/working/HPRC/HG01150/raw_data/PacBio_HiFi/primrose/m54306Ue_220402_052301.demultiplex.bc1015--bc1015.5mc.hifi_reads.bam
HG01150,hprc-v2.0,s3://human-pangenomics/working/HPRC/HG01150/raw_data/PacBio_HiFi/primrose/m64334e_220412_183749.demultiplex.bc1015--bc1015.5mc.hifi_reads.bam
HG01150,hprc-v2.0,s3://human-pangenomics/working/HPRC/HG01150/raw_data/PacBio_HiFi/m84091_230905_192642_s1.hifi_reads.bc1019.bam
HG01150,hprc-v2.0,s3://human-pangenomics/working/HPRC/HG01150/raw_data/PacBio_HiFi/m84091_230905_195701_s2.hifi_reads.bc1019.bam
HG01150,hprc-v2.0,s3://human-pangenomics/working/HPRC/HG01150/raw_data/PacBio_HiFi/m84091_230905_202807_s3.hifi_reads.bc1019.bam
HG01150,hprc-v2.0,s3://human-pangenomics/working/HPRC/HG01150/raw_data/PacBio_HiFi/m84091_231004_192043_s3.hifi_reads.bc1019.bam
HG01123,hprc-v2.0,s3://human-pangenomics/working/HPRC/HG01123/raw_data/PacBio_HiFi/m84046_230724_203319_s4.hifi_reads.bc2055.bam
HG01123,hprc-v2.0,s3://human-pangenomics/working/HPRC/HG01123/raw_data/PacBio_HiFi/m84046_231202_090949_s3.hifi_reads.bc2055.bam
HG01123,hprc-v2.0,s3://human-pangenomics/working/HPRC/HG01123/raw_data/PacBio_HiFi/m54329U_200201_051510.ccs.bam
HG01123,hprc-v2.0,s3://human-pangenomics/working/HPRC/HG01123/raw_data/PacBio_HiFi/m54329U_200203_181235.ccs.bam
HG01123,hprc-v2.0,s3://human-pangenomics/working/HPRC/HG01123/raw_data/PacBio_HiFi/m54329U_200205_002609.ccs.bam
HG01123,hprc-v2.0,s3://human-pangenomics/working/HPRC/HG01123/raw_data/PacBio_HiFi/m54329U_200206_215926.ccs.bam
HG01106,hprc-v2.0,s3://human-pangenomics/working/HPRC/HG01106/raw_data/PacBio_HiFi/m64043_200625_174853.ccs.bam
HG01106,hprc-v2.0,s3://human-pangenomics/working/HPRC/HG01106/raw_data/PacBio_HiFi/m64043_200627_000137.ccs.bam
HG01106,hprc-v2.0,s3://human-pangenomics/working/HPRC/HG01106/raw_data/PacBio_HiFi/m64043_200628_062711.ccs.bam
HG01106,hprc-v2.0,s3://human-pangenomics/working/HPRC/HG01106/raw_data/PacBio_HiFi/m64043_200629_125238.ccs.bam
HG01099,hprc-v2.0,s3://human-pangenomics/working/HPRC/HG01099/raw_data/PacBio_HiFi/m84081_231124_014115_s1.hifi_reads.bc2092.bam
HG01099,hprc-v2.0,s3://human-pangenomics/working/HPRC/HG01099/raw_data/PacBio_HiFi/m84081_231124_021221_s2.hifi_reads.bc2092.bam
HG01099,hprc-v2.0,s3://human-pangenomics/working/HPRC/HG01099/raw_data/PacBio_HiFi/m84081_231124_024327_s3.hifi_reads.bc2092.bam
HG01099,hprc-v2.0,s3://human-pangenomics/working/HPRC/HG01099/raw_data/PacBio_HiFi/m64043_210704_052805.hifi_reads.bam
HG01099,hprc-v2.0,s3://human-pangenomics/working/HPRC/HG01099/raw_data/PacBio_HiFi/m64043_210705_162656.hifi_reads.bam
HG01099,hprc-v2.0,s3://human-pangenomics/working/HPRC/HG01099/raw_data/PacBio_HiFi/m64043_210707_032602.hifi_reads.bam
HG01081,hprc-v2.0,s3://human-pangenomics/working/HPRC/HG01081/raw_data/PacBio_HiFi/m54329U_211223_214216-bc1011.5mc.hifi_reads.bam
HG01081,hprc-v2.0,s3://human-pangenomics/working/HPRC/HG01081/raw_data/PacBio_HiFi/m54329U_220101_220852-bc1011.5mc.hifi_reads.bam
HG01081,hprc-v2.0,s3://human-pangenomics/working/HPRC/HG01081/raw_data/PacBio_HiFi/m54329U_220103_072943-bc1011.5mc.hifi_reads.bam
HG01081,hprc-v2.0,s3://human-pangenomics/working/HPRC/HG01081/raw_data/PacBio_HiFi/m84046_230707_205716_s4.bc2065--bc2065.bam
HG01081,hprc-v2.0,s3://human-pangenomics/working/HPRC/HG01081/raw_data/PacBio_HiFi/m84046_230628_210130_s1.bc2065--bc2065.bam
HG01074,hprc-v2.0,s3://human-pangenomics/working/HPRC/HG01074/raw_data/PacBio_HiFi/m54329U_211110_112322-bc1008.5mc.hifi_reads.bam
HG01074,hprc-v2.0,s3://human-pangenomics/working/HPRC/HG01074/raw_data/PacBio_HiFi/m54329U_211208_005551-bc1008.5mc.hifi_reads.bam
HG01074,hprc-v2.0,s3://human-pangenomics/working/HPRC/HG01074/raw_data/PacBio_HiFi/m54329U_211211_014820-bc1008.5mc.hifi_reads.bam
HG01074,hprc-v2.0,s3://human-pangenomics/working/HPRC/HG01074/raw_data/PacBio_HiFi/m54329U_211212_111219-bc1008.5mc.hifi_reads.bam
HG01074,hprc-v2.0,s3://human-pangenomics/working/HPRC/HG01074/raw_data/PacBio_HiFi/m84046_230719_001055_s4.hifi_reads.bc2061.bam
HG01074,hprc-v2.0,s3://human-pangenomics/working/HPRC/HG01074/raw_data/PacBio_HiFi/m84046_230712_231732_s2.hifi_reads.bc2061.bam
HG01071,hprc-v2.0,s3://human-pangenomics/working/HPRC/HG01071/raw_data/PacBio_HiFi/m84081_231222_081401_s1.hifi_reads.bc2026.bam
HG01071,hprc-v2.0,s3://human-pangenomics/working/HPRC/HG01071/raw_data/PacBio_HiFi/m84081_231222_101332_s2.hifi_reads.bc2026.bam
HG01071,hprc-v2.0,s3://human-pangenomics/working/HPRC/HG01071/raw_data/PacBio_HiFi/m84081_231222_121301_s3.hifi_reads.bc2026.bam
HG01071,hprc-v2.0,s3://human-pangenomics/working/HPRC/HG01071/raw_data/PacBio_HiFi/m84081_231222_141231_s4.hifi_reads.bc2026.bam
HG01071,hprc-v2.0,s3://human-pangenomics/working/HPRC/HG01071/raw_data/PacBio_HiFi/m64136_200702_173125.ccs.bam
HG01071,hprc-v2.0,s3://human-pangenomics/working/HPRC/HG01071/raw_data/PacBio_HiFi/m64136_200703_234438.ccs.bam
HG01071,hprc-v2.0,s3://human-pangenomics/working/HPRC/HG01071/raw_data/PacBio_HiFi/m64136_200705_061033.ccs.bam
HG01071,hprc-v2.0,s3://human-pangenomics/working/HPRC/HG01071/raw_data/PacBio_HiFi/m64136_200706_123635.ccs.bam
HG00741,hprc-v2.0,s3://human-pangenomics/working/HPRC/HG00741/raw_data/PacBio_HiFi/m84081_231222_081401_s1.hifi_reads.bc2024.bam
HG00741,hprc-v2.0,s3://human-pangenomics/working/HPRC/HG00741/raw_data/PacBio_HiFi/m84081_231222_101332_s2.hifi_reads.bc2024.bam
HG00741,hprc-v2.0,s3://human-pangenomics/working/HPRC/HG00741/raw_data/PacBio_HiFi/m84081_231222_121301_s3.hifi_reads.bc2024.bam
HG00741,hprc-v2.0,s3://human-pangenomics/working/HPRC/HG00741/raw_data/PacBio_HiFi/m84081_231222_141231_s4.hifi_reads.bc2024.bam
HG00741,hprc-v2.0,s3://human-pangenomics/working/HPRC/HG00741/raw_data/PacBio_HiFi/m64136_200625_174949.ccs.bam
HG00741,hprc-v2.0,s3://human-pangenomics/working/HPRC/HG00741/raw_data/PacBio_HiFi/m64136_200627_000247.ccs.bam
HG00741,hprc-v2.0,s3://human-pangenomics/working/HPRC/HG00741/raw_data/PacBio_HiFi/m64136_200628_062837.ccs.bam
HG00741,hprc-v2.0,s3://human-pangenomics/working/HPRC/HG00741/raw_data/PacBio_HiFi/m64136_200629_125431.ccs.bam
HG00738,hprc-v2.0,s3://human-pangenomics/working/HPRC/HG00738/raw_data/PacBio_HiFi/m84081_231112_034048_s4.hifi_reads.bc2079.bam
HG00738,hprc-v2.0,s3://human-pangenomics/working/HPRC/HG00738/raw_data/PacBio_HiFi/m64043_210530_003337.hifi_reads.bam
HG00738,hprc-v2.0,s3://human-pangenomics/working/HPRC/HG00738/raw_data/PacBio_HiFi/m64043_210531_080529.hifi_reads.bam
HG00738,hprc-v2.0,s3://human-pangenomics/working/HPRC/HG00738/raw_data/PacBio_HiFi/m64043_210601_160048.hifi_reads.bam
HG00738,hprc-v2.0,s3://human-pangenomics/working/HPRC/HG00738/raw_data/PacBio_HiFi/m64136_210602_151340.hifi_reads.bam
HG00735,hprc-v2.0,s3://human-pangenomics/working/HPRC/HG00735/raw_data/PacBio_HiFi/m64043_200702_173033.ccs.bam
HG00735,hprc-v2.0,s3://human-pangenomics/working/HPRC/HG00735/raw_data/PacBio_HiFi/m64043_200703_234328.ccs.bam
HG00735,hprc-v2.0,s3://human-pangenomics/working/HPRC/HG00735/raw_data/PacBio_HiFi/m64043_200705_060840.ccs.bam
HG00735,hprc-v2.0,s3://human-pangenomics/working/HPRC/HG00735/raw_data/PacBio_HiFi/m64043_200706_123423.ccs.bam
HG00733,hprc-v2.0,s3://human-pangenomics/working/HPRC_PLUS/HG00733/raw_data/PacBio_HiFi/m64076_211218_173901.hifi_reads.bam
HG00733,hprc-v2.0,s3://human-pangenomics/working/HPRC_PLUS/HG00733/raw_data/PacBio_HiFi/m64076_211214_012715.hifi_reads.bam
HG00733,hprc-v2.0,s3://human-pangenomics/working/HPRC_PLUS/HG00733/raw_data/PacBio_HiFi/m64076_211217_081943.hifi_reads.bam
HG00733,hprc-v2.0,s3://human-pangenomics/working/HPRC_PLUS/HG00733/raw_data/PacBio_HiFi/m64076_211215_225159.hifi_reads.bam
HG00733,hprc-v2.0,s3://human-pangenomics/working/HPRC_PLUS/HG00733/raw_data/PacBio_HiFi/m64076_211221_015212.hifi_reads.bam
HG00706,hprc-v2.0,s3://human-pangenomics/working/HPRC/HG00706/raw_data/PacBio_HiFi/primrose/m64055e_210731_145204.5mc.hifi_reads.bam
HG00706,hprc-v2.0,s3://human-pangenomics/working/HPRC/HG00706/raw_data/PacBio_HiFi/primrose/m64055e_210812_050522.5mc.hifi_reads.bam
HG00706,hprc-v2.0,s3://human-pangenomics/working/HPRC/HG00706/raw_data/PacBio_HiFi/primrose/m64055e_210813_141904.5mc.hifi_reads.bam
HG00706,hprc-v2.0,s3://human-pangenomics/working/HPRC/HG00706/raw_data/PacBio_HiFi/primrose/m64055e_210814_234047.5mc.hifi_reads.bam
HG00706,hprc-v2.0,s3://human-pangenomics/working/HPRC/HG00706/raw_data/PacBio_HiFi/m84091_230817_140121_s1.hifi_reads.bc1011.bam
HG00673,hprc-v2.0,s3://human-pangenomics/working/HPRC/HG00673/raw_data/PacBio_HiFi/m84081_231222_081401_s1.hifi_reads.bc2028.bam
HG00673,hprc-v2.0,s3://human-pangenomics/working/HPRC/HG00673/raw_data/PacBio_HiFi/m84081_231222_101332_s2.hifi_reads.bc2028.bam
HG00673,hprc-v2.0,s3://human-pangenomics/working/HPRC/HG00673/raw_data/PacBio_HiFi/m84081_231222_121301_s3.hifi_reads.bc2028.bam
HG00673,hprc-v2.0,s3://human-pangenomics/working/HPRC/HG00673/raw_data/PacBio_HiFi/m84081_231222_141231_s4.hifi_reads.bc2028.bam
HG00673,hprc-v2.0,s3://human-pangenomics/working/HPRC/HG00673/raw_data/PacBio_HiFi/m64043_200716_182902.ccs.bam
HG00673,hprc-v2.0,s3://human-pangenomics/working/HPRC/HG00673/raw_data/PacBio_HiFi/m64043_200718_004213.ccs.bam
HG00673,hprc-v2.0,s3://human-pangenomics/working/HPRC/HG00673/raw_data/PacBio_HiFi/m64043_200719_070806.ccs.bam
HG00673,hprc-v2.0,s3://human-pangenomics/working/HPRC/HG00673/raw_data/PacBio_HiFi/m64043_200720_133355.ccs.bam
HG00658,hprc-v2.0,s3://human-pangenomics/working/HPRC/HG00658/raw_data/PacBio_HiFi/primrose/m64055e_220304_184221.5mc.hifi_reads.bam
HG00658,hprc-v2.0,s3://human-pangenomics/working/HPRC/HG00658/raw_data/PacBio_HiFi/primrose/m64055e_220403_045718.5mc.hifi_reads.bam
HG00658,hprc-v2.0,s3://human-pangenomics/working/HPRC/HG00658/raw_data/PacBio_HiFi/primrose/m64055e_220504_181614.5mc.hifi_reads.bam
HG00658,hprc-v2.0,s3://human-pangenomics/working/HPRC/HG00658/raw_data/PacBio_HiFi/primrose/m64330e_220225_192221.5mc.hifi_reads.bam
HG00658,hprc-v2.0,s3://human-pangenomics/working/HPRC/HG00658/raw_data/PacBio_HiFi/primrose/m64330e_220512_181140.5mc.hifi_reads.bam
HG00658,hprc-v2.0,s3://human-pangenomics/working/HPRC/HG00658/raw_data/PacBio_HiFi/primrose/m64334e_220429_152228.5mc.hifi_reads.bam
HG00658,hprc-v2.0,s3://human-pangenomics/working/HPRC/HG00658/raw_data/PacBio_HiFi/m84091_230905_192642_s1.hifi_reads.bc1018.bam
HG00658,hprc-v2.0,s3://human-pangenomics/working/HPRC/HG00658/raw_data/PacBio_HiFi/m84091_230905_195701_s2.hifi_reads.bc1018.bam
HG00658,hprc-v2.0,s3://human-pangenomics/working/HPRC/HG00658/raw_data/PacBio_HiFi/m84091_230905_202807_s3.hifi_reads.bc1018.bam
HG00642,hprc-v2.0,s3://human-pangenomics/working/HPRC/HG00642/raw_data/PacBio_HiFi/m84046_230531_221339_s3.hifi_reads.default.bam
HG00642,hprc-v2.0,s3://human-pangenomics/working/HPRC/HG00642/raw_data/PacBio_HiFi/m54329U_210524_174516.hifi_reads.bam
HG00642,hprc-v2.0,s3://human-pangenomics/working/HPRC/HG00642/raw_data/PacBio_HiFi/m64076_210516_091844.hifi_reads.bam
HG00642,hprc-v2.0,s3://human-pangenomics/working/HPRC/HG00642/raw_data/PacBio_HiFi/m64076_210520_213355.hifi_reads.bam
HG00642,hprc-v2.0,s3://human-pangenomics/working/HPRC/HG00642/raw_data/PacBio_HiFi/m64076_210522_082905.hifi_reads.bam
HG00639,hprc-v2.0,s3://human-pangenomics/working/HPRC/HG00639/raw_data/PacBio_HiFi/m54329U_211222_104516-bc1010.5mc.hifi_reads.bam
HG00639,hprc-v2.0,s3://human-pangenomics/working/HPRC/HG00639/raw_data/PacBio_HiFi/m54329U_211230_014258-bc1010.5mc.hifi_reads.bam
HG00639,hprc-v2.0,s3://human-pangenomics/working/HPRC/HG00639/raw_data/PacBio_HiFi/m54329U_211231_123903-bc1010.5mc.hifi_reads.bam
HG00639,hprc-v2.0,s3://human-pangenomics/working/HPRC/HG00639/raw_data/PacBio_HiFi/m64076_220216_013707-bc1010.5mc.hifi_reads.bam
HG00639,hprc-v2.0,s3://human-pangenomics/working/HPRC/HG00639/raw_data/PacBio_HiFi/m84046_230707_192442_s1.hifi_reads.bc2059.bam
HG00621,hprc-v2.0,s3://human-pangenomics/working/HPRC/HG00621/raw_data/PacBio_HiFi/m84081_231222_081401_s1.hifi_reads.bc2027.bam
HG00621,hprc-v2.0,s3://human-pangenomics/working/HPRC/HG00621/raw_data/PacBio_HiFi/m84081_231222_101332_s2.hifi_reads.bc2027.bam
HG00621,hprc-v2.0,s3://human-pangenomics/working/HPRC/HG00621/raw_data/PacBio_HiFi/m84081_231222_121301_s3.hifi_reads.bc2027.bam
HG00621,hprc-v2.0,s3://human-pangenomics/working/HPRC/HG00621/raw_data/PacBio_HiFi/m84081_231222_141231_s4.hifi_reads.bc2027.bam
HG00621,hprc-v2.0,s3://human-pangenomics/working/HPRC/HG00621/raw_data/PacBio_HiFi/m64136_200710_174522.ccs.bam
HG00621,hprc-v2.0,s3://human-pangenomics/working/HPRC/HG00621/raw_data/PacBio_HiFi/m64136_200711_235843.ccs.bam
HG00621,hprc-v2.0,s3://human-pangenomics/working/HPRC/HG00621/raw_data/PacBio_HiFi/m64136_200713_062514.ccs.bam
HG00621,hprc-v2.0,s3://human-pangenomics/working/HPRC/HG00621/raw_data/PacBio_HiFi/m64136_200714_125149.ccs.bam
HG00609,hprc-v2.0,s3://human-pangenomics/working/HPRC/HG00609/raw_data/PacBio_HiFi/m84081_231124_014115_s1.hifi_reads.bc2090.bam
HG00609,hprc-v2.0,s3://human-pangenomics/working/HPRC/HG00609/raw_data/PacBio_HiFi/m84081_231124_021221_s2.hifi_reads.bc2090.bam
HG00609,hprc-v2.0,s3://human-pangenomics/working/HPRC/HG00609/raw_data/PacBio_HiFi/m84081_231124_024327_s3.hifi_reads.bc2090.bam
HG00609,hprc-v2.0,s3://human-pangenomics/working/HPRC/HG00609/raw_data/PacBio_HiFi/m64136_210620_054327.hifi_reads.bam
HG00609,hprc-v2.0,s3://human-pangenomics/working/HPRC/HG00609/raw_data/PacBio_HiFi/m64136_210622_163607.hifi_reads.bam
HG00609,hprc-v2.0,s3://human-pangenomics/working/HPRC/HG00609/raw_data/PacBio_HiFi/m64136_210624_033152.hifi_reads.bam
HG00597,hprc-v2.0,s3://human-pangenomics/working/HPRC/HG00597/raw_data/PacBio_HiFi/m64043_211210_180342-bc1021.5mc.hifi_reads.bam
HG00597,hprc-v2.0,s3://human-pangenomics/working/HPRC/HG00597/raw_data/PacBio_HiFi/m64043_211213_155654-bc1021.5mc.hifi_reads.bam
HG00597,hprc-v2.0,s3://human-pangenomics/working/HPRC/HG00597/raw_data/PacBio_HiFi/m64043_211222_184851-bc1021.5mc.hifi_reads.bam
HG00597,hprc-v2.0,s3://human-pangenomics/working/HPRC/HG00597/raw_data/PacBio_HiFi/m64043_211212_045901-bc1021.5mc.hifi_reads.bam
HG00597,hprc-v2.0,s3://human-pangenomics/working/HPRC/HG00597/raw_data/PacBio_HiFi/m84081_230721_175633_s1.hifi_reads.bc1021.bam
HG00597,hprc-v2.0,s3://human-pangenomics/working/HPRC/HG00597/raw_data/PacBio_HiFi/m84081_230721_182654_s2.hifi_reads.bc1021.bam
HG00558,hprc-v2.0,s3://human-pangenomics/working/HPRC/HG00558/raw_data/PacBio_HiFi/m54329U_220107_233847-bc1016.5mc.hifi_reads.bam
HG00558,hprc-v2.0,s3://human-pangenomics/working/HPRC/HG00558/raw_data/PacBio_HiFi/m54329U_220114_143904-bc1016.5mc.hifi_reads.bam
HG00558,hprc-v2.0,s3://human-pangenomics/working/HPRC/HG00558/raw_data/PacBio_HiFi/m54329U_220116_013607-bc1016.5mc.hifi_reads.bam
HG00558,hprc-v2.0,s3://human-pangenomics/working/HPRC/HG00558/raw_data/PacBio_HiFi/m64076_220216_013707-bc1016.5mc.hifi_reads.bam
HG00558,hprc-v2.0,s3://human-pangenomics/working/HPRC/HG00558/raw_data/PacBio_HiFi/m84046_230602_213334_s2.hifi_reads.bc1016.bam
HG00558,hprc-v2.0,s3://human-pangenomics/working/HPRC/HG00558/raw_data/PacBio_HiFi/m84046_230720_182350_s1.hifi_reads.bc2004.bam
HG00558,hprc-v2.0,s3://human-pangenomics/working/HPRC/HG00558/raw_data/PacBio_HiFi/m84046_230519_231055_s2.hifi_reads.bc1016.bam
HG00558,hprc-v2.0,s3://human-pangenomics/working/HPRC/HG00558/raw_data/PacBio_HiFi/m84046_230623_210640_s1.hifi_reads.bc1016.bam
HG00544,hprc-v2.0,s3://human-pangenomics/working/HPRC/HG00544/raw_data/PacBio_HiFi/m84081_231117_211338_s4.hifi_reads.bc2086.bam
HG00544,hprc-v2.0,s3://human-pangenomics/working/HPRC/HG00544/raw_data/PacBio_HiFi/m84081_231119_032407_s4.hifi_reads.bc2086.bam
HG00544,hprc-v2.0,s3://human-pangenomics/working/HPRC/HG00544/raw_data/PacBio_HiFi/m64043_210702_183246.hifi_reads.bam
HG00544,hprc-v2.0,s3://human-pangenomics/working/HPRC/HG00544/raw_data/PacBio_HiFi/m64136_210520_180433.hifi_reads.bam
HG00544,hprc-v2.0,s3://human-pangenomics/working/HPRC/HG00544/raw_data/PacBio_HiFi/m64136_210522_014758.hifi_reads.bam
HG00544,hprc-v2.0,s3://human-pangenomics/working/HPRC/HG00544/raw_data/PacBio_HiFi/m64136_210523_100337.hifi_reads.bam
HG00544,hprc-v2.0,s3://human-pangenomics/working/HPRC/HG00544/raw_data/PacBio_HiFi/m64136_210525_165246.hifi_reads.bam
HG00438,hprc-v2.0,s3://human-pangenomics/working/HPRC/HG00438/raw_data/PacBio_HiFi/m64043_200710_174426.ccs.bam
HG00438,hprc-v2.0,s3://human-pangenomics/working/HPRC/HG00438/raw_data/PacBio_HiFi/m64043_200711_235708.ccs.bam
HG00438,hprc-v2.0,s3://human-pangenomics/working/HPRC/HG00438/raw_data/PacBio_HiFi/m64043_200713_062240.ccs.bam
HG00438,hprc-v2.0,s3://human-pangenomics/working/HPRC/HG00438/raw_data/PacBio_HiFi/m64043_200714_124814.ccs.bam
HG00423,hprc-v2.0,s3://human-pangenomics/working/HPRC/HG00423/raw_data/PacBio_HiFi/m84081_231112_030942_s3.hifi_reads.bc2078.bam
HG00423,hprc-v2.0,s3://human-pangenomics/working/HPRC/HG00423/raw_data/PacBio_HiFi/m64043_210205_190424.hifi_reads.bam
HG00423,hprc-v2.0,s3://human-pangenomics/working/HPRC/HG00423/raw_data/PacBio_HiFi/m64043_210207_011920.hifi_reads.bam
HG00423,hprc-v2.0,s3://human-pangenomics/working/HPRC/HG00423/raw_data/PacBio_HiFi/m64043_210209_184051.hifi_reads.bam
HG00423,hprc-v2.0,s3://human-pangenomics/working/HPRC/HG00423/raw_data/PacBio_HiFi/m64043_210211_005516.hifi_reads.bam
HG00408,hprc-v2.0,s3://human-pangenomics/working/HPRC/HG00408/raw_data/PacBio_HiFi/m64136_211114_164241-bc1002.5mc.hifi_reads.bam
HG00408,hprc-v2.0,s3://human-pangenomics/working/HPRC/HG00408/raw_data/PacBio_HiFi/m64136_211111_194404-bc1002.5mc.hifi_reads.bam
HG00408,hprc-v2.0,s3://human-pangenomics/working/HPRC/HG00408/raw_data/PacBio_HiFi/m64136_211113_063830-bc1002.5mc.hifi_reads.bam
HG00408,hprc-v2.0,s3://human-pangenomics/working/HPRC/HG00408/raw_data/PacBio_HiFi/m84081_230721_175633_s1.hifi_reads.bc1002.bam
HG00408,hprc-v2.0,s3://human-pangenomics/working/HPRC/HG00408/raw_data/PacBio_HiFi/m84081_230721_182654_s2.hifi_reads.bc1002.bam
HG00350,hprc-v2.0,s3://human-pangenomics/working/HPRC/HG00350/raw_data/PacBio_HiFi/m84046_230712_231732_s2.hifi_reads.bc2048.bam
HG00350,hprc-v2.0,s3://human-pangenomics/working/HPRC/HG00350/raw_data/PacBio_HiFi/m84046_230703_222200_s3.hifi_reads.bc2048.bam
HG00350,hprc-v2.0,s3://human-pangenomics/working/HPRC/HG00350/raw_data/PacBio_HiFi/m84046_230701_000218_s4.hifi_reads.bc2048.bam
HG00344,hprc-v2.0,s3://human-pangenomics/working/HPRC/HG00344/raw_data/PacBio_HiFi/m84046_230715_064007_s2.hifi_reads.bc2083.bam
HG00344,hprc-v2.0,s3://human-pangenomics/working/HPRC/HG00344/raw_data/PacBio_HiFi/m84046_230715_060901_s1.hifi_reads.bc2083.bam
HG00344,hprc-v2.0,s3://human-pangenomics/working/HPRC/HG00344/raw_data/PacBio_HiFi/m84046_230718_233949_s3.hifi_reads.bc2083.bam
HG00329,hprc-v2.0,s3://human-pangenomics/working/HPRC/HG00329/raw_data/PacBio_HiFi/m84091_230712_173338_s3.hifi_reads.bc1019.bam
HG00329,hprc-v2.0,s3://human-pangenomics/working/HPRC/HG00329/raw_data/PacBio_HiFi/m84091_230719_165228_s3.hifi_reads.bc1019.bam
HG00323,hprc-v2.0,s3://human-pangenomics/working/HPRC/HG00323/raw_data/PacBio_HiFi/m64136_220708_205611-bc1016.5mc.hifi_reads.bam
HG00323,hprc-v2.0,s3://human-pangenomics/working/HPRC/HG00323/raw_data/PacBio_HiFi/m64136_220712_144943-bc1016.5mc.hifi_reads.bam
HG00323,hprc-v2.0,s3://human-pangenomics/working/HPRC/HG00323/raw_data/PacBio_HiFi/m64043_220728_173215-bc1016.5mc.hifi_reads.bam
HG00323,hprc-v2.0,s3://human-pangenomics/working/HPRC/HG00323/raw_data/PacBio_HiFi/m64136_220710_175208-bc1016.5mc.hifi_reads.bam
HG00323,hprc-v2.0,s3://human-pangenomics/working/HPRC/HG00323/raw_data/PacBio_HiFi/m84081_230623_212309_s3.hifi_reads.bc1016.bam
HG00323,hprc-v2.0,s3://human-pangenomics/working/HPRC/HG00323/raw_data/PacBio_HiFi/m84081_230623_215414_s4.hifi_reads.bc1016.bam
HG00323,hprc-v2.0,s3://human-pangenomics/working/HPRC/HG00323/raw_data/PacBio_HiFi/m84081_230624_203119_s1.hifi_reads.bc1016.bam
HG00323,hprc-v2.0,s3://human-pangenomics/working/HPRC/HG00323/raw_data/PacBio_HiFi/m84081_230624_210225_s2.hifi_reads.bc1016.bam
HG00323,hprc-v2.0,s3://human-pangenomics/working/HPRC/HG00323/raw_data/PacBio_HiFi/m84081_230624_213331_s3.hifi_reads.bc1016.bam
HG00323,hprc-v2.0,s3://human-pangenomics/working/HPRC/HG00323/raw_data/PacBio_HiFi/m84081_230624_220437_s4.hifi_reads.bc1016.bam
HG00321,hprc-v2.0,s3://human-pangenomics/working/HPRC/HG00321/raw_data/PacBio_HiFi/m84081_230623_212309_s3.hifi_reads.bc2015.bam
HG00321,hprc-v2.0,s3://human-pangenomics/working/HPRC/HG00321/raw_data/PacBio_HiFi/m84081_230623_215414_s4.hifi_reads.bc2015.bam
HG00321,hprc-v2.0,s3://human-pangenomics/working/HPRC/HG00321/raw_data/PacBio_HiFi/m84081_230630_190803_s1.hifi_reads.bc2015.bam
HG00321,hprc-v2.0,s3://human-pangenomics/working/HPRC/HG00321/raw_data/PacBio_HiFi/m84081_230630_193909_s2.hifi_reads.bc2015.bam
HG00320,hprc-v2.0,s3://human-pangenomics/working/HPRC/HG00320/raw_data/PacBio_HiFi/m84081_230610_202430_s3.hifi_reads.bc2011.bam
HG00320,hprc-v2.0,s3://human-pangenomics/working/HPRC/HG00320/raw_data/PacBio_HiFi/m84081_230610_205536_s4.hifi_reads.bc2011.bam
HG00290,hprc-v2.0,s3://human-pangenomics/working/HPRC/HG00290/raw_data/PacBio_HiFi/m84046_230627_204123_s2.hifi_reads.bc2052.bam
HG00290,hprc-v2.0,s3://human-pangenomics/working/HPRC/HG00290/raw_data/PacBio_HiFi/m84046_230623_203534_s4.hifi_reads.bc2052.bam
HG00290,hprc-v2.0,s3://human-pangenomics/working/HPRC/HG00290/raw_data/PacBio_HiFi/m84046_230627_201017_s1.hifi_reads.bc2052.bam
HG00290,hprc-v2.0,s3://human-pangenomics/working/HPRC/HG00290/raw_data/PacBio_HiFi/m84046_230630_233157_s3.bc2052--bc2052.bam
HG00290,hprc-v2.0,s3://human-pangenomics/working/HPRC/HG00290/raw_data/PacBio_HiFi/m84046_230712_224626_s1.hifi_reads.bc2052.bam
HG00280,hprc-v2.0,s3://human-pangenomics/working/HPRC/HG00280/raw_data/PacBio_HiFi/m54329U_220901_221341-bc2051.5mc.hifi_reads.bam
HG00280,hprc-v2.0,s3://human-pangenomics/working/HPRC/HG00280/raw_data/PacBio_HiFi/m64076_220831_191646-bc2051.5mc.hifi_reads.bam
HG00280,hprc-v2.0,s3://human-pangenomics/working/HPRC/HG00280/raw_data/PacBio_HiFi/m64457e_220825_195635-bc2051.5mc.hifi_reads.bam
HG00280,hprc-v2.0,s3://human-pangenomics/working/HPRC/HG00280/raw_data/PacBio_HiFi/m84046_230628_213236_s2.hifi_reads.bc2051.bam
HG00272,hprc-v2.0,s3://human-pangenomics/working/HPRC/HG00272/raw_data/PacBio_HiFi/m84046_230719_001055_s4.hifi_reads.bc2087.bam
HG00272,hprc-v2.0,s3://human-pangenomics/working/HPRC/HG00272/raw_data/PacBio_HiFi/m84046_230716_051716_s3.hifi_reads.bc2087.bam
HG00272,hprc-v2.0,s3://human-pangenomics/working/HPRC/HG00272/raw_data/PacBio_HiFi/m84046_230716_054822_s4.hifi_reads.bc2087.bam
HG00272,hprc-v2.0,s3://human-pangenomics/working/HPRC/HG00272/raw_data/PacBio_HiFi/m84046_230718_223822_s1.hifi_reads.bc2087.bam
HG00253,hprc-v2.0,s3://human-pangenomics/working/HPRC/HG00253/raw_data/PacBio_HiFi/m84091_230721_134835_s1.hifi_reads.bc1003.bam
HG00253,hprc-v2.0,s3://human-pangenomics/working/HPRC/HG00253/raw_data/PacBio_HiFi/m84091_230727_143029_s4.hifi_reads.bc1003.bam
HG00235,hprc-v2.0,s3://human-pangenomics/working/HPRC/HG00235/raw_data/PacBio_HiFi/m84091_230721_141900_s2.hifi_reads.bc1008.bam
HG00235,hprc-v2.0,s3://human-pangenomics/working/HPRC/HG00235/raw_data/PacBio_HiFi/m84091_230724_170222_s4.hifi_reads.bc1008.bam
HG00232,hprc-v2.0,s3://human-pangenomics/working/HPRC/HG00232/raw_data/PacBio_HiFi/m84081_230623_202140_s1.hifi_reads.bc2014.bam
HG00232,hprc-v2.0,s3://human-pangenomics/working/HPRC/HG00232/raw_data/PacBio_HiFi/m84081_230623_205201_s2.hifi_reads.bc2014.bam
HG00232,hprc-v2.0,s3://human-pangenomics/working/HPRC/HG00232/raw_data/PacBio_HiFi/m84081_230714_201817_s1.hifi_reads.bc2014.bam
HG00232,hprc-v2.0,s3://human-pangenomics/working/HPRC/HG00232/raw_data/PacBio_HiFi/m84081_230714_205519_s2.hifi_reads.bc2014.bam
HG00232,hprc-v2.0,s3://human-pangenomics/working/HPRC/HG00232/raw_data/PacBio_HiFi/m84081_230714_212624_s3.hifi_reads.bc2014.bam
HG00232,hprc-v2.0,s3://human-pangenomics/working/HPRC/HG00232/raw_data/PacBio_HiFi/m84081_230714_215730_s4.hifi_reads.bc2014.bam
HG00146,hprc-v2.0,s3://human-pangenomics/working/HPRC/HG00146/raw_data/PacBio_HiFi/m84081_230616_182824_s3.hifi_reads.bc2013.bam
HG00146,hprc-v2.0,s3://human-pangenomics/working/HPRC/HG00146/raw_data/PacBio_HiFi/m84081_230616_185930_s4.hifi_reads.bc2013.bam
HG00140,hprc-v2.0,s3://human-pangenomics/working/HPRC/HG00140/raw_data/PacBio_HiFi/m64043_220728_173215-bc1018.5mc.hifi_reads.bam
HG00140,hprc-v2.0,s3://human-pangenomics/working/HPRC/HG00140/raw_data/PacBio_HiFi/m64136_220719_122056-bc1018.5mc.hifi_reads.bam
HG00140,hprc-v2.0,s3://human-pangenomics/working/HPRC/HG00140/raw_data/PacBio_HiFi/m64136_220717_152248-bc1018.5mc.hifi_reads.bam
HG00140,hprc-v2.0,s3://human-pangenomics/working/HPRC/HG00140/raw_data/PacBio_HiFi/m64136_220715_182717-bc1018.5mc.hifi_reads.bam
HG00140,hprc-v2.0,s3://human-pangenomics/working/HPRC/HG00140/raw_data/PacBio_HiFi/m84081_230628_194051_s3.hifi_reads.bc1018.bam
HG00140,hprc-v2.0,s3://human-pangenomics/working/HPRC/HG00140/raw_data/PacBio_HiFi/m84081_230628_201157_s4.hifi_reads.bc1018.bam
HG00133,hprc-v2.0,s3://human-pangenomics/working/HPRC/HG00133/raw_data/PacBio_HiFi/m84046_230621_231827_s1.hifi_reads.bc2045.bam
HG00133,hprc-v2.0,s3://human-pangenomics/working/HPRC/HG00133/raw_data/PacBio_HiFi/m84046_230617_043254_s3.hifi_reads.bc2045.bam
HG00133,hprc-v2.0,s3://human-pangenomics/working/HPRC/HG00133/raw_data/PacBio_HiFi/m84046_230617_050400_s4.hifi_reads.bc2045.bam
HG00133,hprc-v2.0,s3://human-pangenomics/working/HPRC/HG00133/raw_data/PacBio_HiFi/m84046_230719_001055_s4.hifi_reads.bc2085.bam
HG00133,hprc-v2.0,s3://human-pangenomics/working/HPRC/HG00133/raw_data/PacBio_HiFi/m84046_230602_203207_s4.hifi_reads.bc2045.bam
HG00133,hprc-v2.0,s3://human-pangenomics/working/HPRC/HG00133/raw_data/PacBio_HiFi/m84046_230621_234848_s2.hifi_reads.bc2045.bam
HG00128,hprc-v2.0,s3://human-pangenomics/working/HPRC/HG00128/raw_data/PacBio_HiFi/m84046_230617_043254_s3.hifi_reads.bc2044.bam
HG00128,hprc-v2.0,s3://human-pangenomics/working/HPRC/HG00128/raw_data/PacBio_HiFi/m84046_230602_203207_s4.hifi_reads.bc2044.bam
HG00128,hprc-v2.0,s3://human-pangenomics/working/HPRC/HG00128/raw_data/PacBio_HiFi/m84046_230617_050400_s4.hifi_reads.bc2044.bam
HG00128,hprc-v2.0,s3://human-pangenomics/working/HPRC/HG00128/raw_data/PacBio_HiFi/m84046_230630_233157_s3.bc2069--bc2069.bam
HG00126,hprc-v2.0,s3://human-pangenomics/working/HPRC/HG00126/raw_data/PacBio_HiFi/m84046_230621_231827_s1.hifi_reads.bc2043.bam
HG00126,hprc-v2.0,s3://human-pangenomics/working/HPRC/HG00126/raw_data/PacBio_HiFi/m84046_230617_050400_s4.hifi_reads.bc2043.bam
HG00126,hprc-v2.0,s3://human-pangenomics/working/HPRC/HG00126/raw_data/PacBio_HiFi/m84046_230602_203207_s4.hifi_reads.bc2043.bam
HG00126,hprc-v2.0,s3://human-pangenomics/working/HPRC/HG00126/raw_data/PacBio_HiFi/m84046_230621_234848_s2.hifi_reads.bc2043.bam
HG00126,hprc-v2.0,s3://human-pangenomics/working/HPRC/HG00126/raw_data/PacBio_HiFi/m84046_230617_043254_s3.hifi_reads.bc2043.bam
HG00099,hprc-v2.0,s3://human-pangenomics/working/HPRC/HG00099/raw_data/PacBio_HiFi/m54329U_220825_174247-bc2012.5mc.hifi_reads.bam
HG00099,hprc-v2.0,s3://human-pangenomics/working/HPRC/HG00099/raw_data/PacBio_HiFi/m54329U_220827_143814-bc2050.5mc.hifi_reads.bam
HG00099,hprc-v2.0,s3://human-pangenomics/working/HPRC/HG00099/raw_data/PacBio_HiFi/m54329U_220829_095708-bc2050.5mc.hifi_reads.bam
HG00099,hprc-v2.0,s3://human-pangenomics/working/HPRC/HG00099/raw_data/PacBio_HiFi/m84046_230517_211630_s4.hifi_reads.bc2012.bam
HG00097,hprc-v2.0,s3://human-pangenomics/working/HPRC/HG00097/raw_data/PacBio_HiFi/m84046_230718_223822_s1.hifi_reads.bc2086.bam
HG00097,hprc-v2.0,s3://human-pangenomics/working/HPRC/HG00097/raw_data/PacBio_HiFi/m84046_230716_054822_s4.hifi_reads.bc2086.bam
HG00097,hprc-v2.0,s3://human-pangenomics/working/HPRC/HG00097/raw_data/PacBio_HiFi/m84046_230716_051716_s3.hifi_reads.bc2086.bam
